symbol,tier,entry_date,result,win,r_mult,hold_days,opportunity,bias,bias_score,rr,chase_pct,in_zone,risk_pct,dow,month
MU,strong,2025-01-10,win,1,1.046,5,可关注,看多,45.0,1.0920379839298773,-1.021054719222414,True,7.003031556384376,4,1
MU,strong,2025-02-27,loss,0,-1.061,1,观望,看多,25.0,1.3432343234323436,-0.9515077764267077,True,4.663238777211659,3,2
MU,strong,2025-03-17,loss,0,-1.058,4,较佳入场,看多,35.0,1.6188068756319556,2.5672995991794068,False,4.911986593350546,0,3
MU,strong,2025-06-02,win,1,1.779,1,较佳入场,看多,19.0,1.8700906344410857,0.7699976630389349,False,3.5085993900898353,0,6
MU,strong,2025-07-02,loss,0,-1.095,9,较佳入场,看多,29.0,1.9024390243902478,1.0752483665293688,False,3.0700426065783883,2,7
MU,strong,2025-08-21,win,1,1.417,9,较佳入场,看多,23.0,1.5029103608847487,-0.8286686266882892,True,3.67683232738594,3,8
MU,strong,2025-10-13,win,1,2.555,5,较佳入场,看多,39.0,2.6536934074662337,2.9522932288784887,False,3.302666830189349,0,10
MU,strong,2025-11-05,win,1,2.138,1,较佳入场,看多,27.0,2.220472440944876,2.5551697579114574,False,3.943233891107017,2,11
MU,strong,2025-11-12,loss,0,-1.037,4,较佳入场,强烈看多,59.0,1.073384446878423,-1.0010380215985992,True,7.463398029272891,2,11
MU,strong,2025-12-02,loss,0,-1.053,2,较佳入场,看多,25.0,1.1714507370054315,0.32366730520136944,False,5.404234115441896,1,12
MU,strong,2025-12-09,win,1,1.124,1,较佳入场,强烈看多,47.0,1.1882449650637092,2.808498348545463,False,4.980530661974269,1,12
MU,strong,2025-12-15,loss,0,-1.057,1,较佳入场,看多,35.0,1.4625905068382976,-0.48153099923317066,True,5.035068798711798,0,12
MU,strong,2025-12-19,win,1,1.863,1,较佳入场,强烈看多,51.0,1.9231324431613097,2.2260657255911642,False,5.508859562994877,4,12
MU,strong,2026-02-12,loss,0,-1.051,1,较佳入场,看多,33.0,1.3149135907830223,1.177957283648512,False,5.55321498219674,3,2
MU,strong,2026-02-19,loss,0,-1.05,8,较佳入场,强烈看多,73.0,1.315945089757126,0.6744734568681299,False,5.696974329646513,3,2
MU,strong,2026-03-12,win,1,0.947,2,较佳入场,看多,33.0,1.0043985045084707,-0.5774023233314662,True,5.5483049404910725,3,3
MU,strong,2026-03-23,loss,0,-1.052,1,较佳入场,中性,15.0,1.2720825274016783,-1.5381331435566414,True,5.4624790481880705,0,3
MU,strong,2026-04-10,win,1,1.463,2,较佳入场,看多,31.0,1.5194592380172034,2.7438968355365745,False,5.808787546316509,4,4
MU,strong,2026-06-05,win,1,1.069,6,可关注,强烈看多,59.0,1.1033611599297009,-1.2046882614937915,True,9.64146554119043,4,6
MU,strong,2026-06-24,win,1,1.136,1,较佳入场,看多,39.0,1.1815260011570339,0.5227098062579927,False,7.188646193680781,2,6
MU,strong,2026-08-19,timeout,0,-0.04,10,观望,看多,25.0,1.2580882804346474,-1.5302801225036133,True,8.489513972187833,2,8
SNDK,strong,2025-05-23,win,1,1.369,7,观望,看多,21.0,1.419913419913419,-1.3555783300628454,True,6.372413793103454,4,5
SNDK,strong,2025-06-06,win,1,1.601,1,可关注,中性,15.0,1.7053941908713615,-1.1622058315190364,True,3.032972599757997,4,6
SNDK,strong,2025-06-11,loss,0,-1.059,1,较佳入场,强烈看多,47.0,1.5707317073170783,2.5900349101822595,False,4.837187230611758,2,6
SNDK,strong,2025-07-01,loss,0,-1.065,8,较佳入场,看多,39.0,2.0544554455445505,2.2547879912538704,False,4.420131217236495,1,7
SNDK,strong,2025-08-11,loss,0,-1.076,4,较佳入场,强烈看多,59.0,1.7999999999999967,2.5202315666772,False,3.774617004818291,0,8
SNDK,strong,2025-08-19,loss,0,-1.066,1,较佳入场,强烈看多,63.0,2.074626865671645,2.384166571668178,False,4.347826130008147,1,8
SNDK,strong,2025-08-22,win,1,1.373,3,较佳入场,强烈看多,49.0,1.4478371501272234,1.4719000892060574,False,4.261548414637987,4,8
SNDK,strong,2025-10-13,loss,0,-1.046,1,较佳入场,看多,19.0,1.6262626262626225,2.3192750412299734,False,6.104516467295292,0,10
SNDK,strong,2025-11-05,win,1,0.982,1,较佳入场,强烈看多,59.0,1.0107642626480073,-1.5682666442966786,True,11.504358746910915,2,11
SNDK,strong,2025-12-31,win,1,1.322,1,较佳入场,强烈看多,47.0,1.3666203059805289,1.9522965880244048,False,7.445685023670194,2,12
SNDK,strong,2026-02-11,win,1,1.095,1,较佳入场,看多,19.0,1.1357349630106153,-0.5270767022758971,True,8.061365600691442,2,2
SNDK,strong,2026-02-18,win,1,1.12,2,较佳入场,看多,41.0,1.1590077267181793,0.39950136941873104,False,8.44306354178061,2,2
SNDK,strong,2026-02-25,loss,0,-1.038,4,较佳入场,看多,41.0,1.8004203888596972,1.9918568055666608,False,7.38398275669176,2,2
SNDK,strong,2026-03-12,win,1,1.419,2,较佳入场,看多,33.0,1.4658953168044073,2.5182601591949627,False,7.013137557959814,3,3
SNDK,strong,2026-03-26,loss,0,-1.038,1,较佳入场,中性,3.0,1.2009946125155446,-0.20904702750522697,True,7.379204892966341,3,3
SNDK,strong,2026-04-02,win,1,1.098,1,较佳入场,看多,25.0,1.138401744241155,1.2452288725318228,False,8.214580166944838,3,4
SNDK,strong,2026-04-08,win,1,1.018,1,较佳入场,强烈看多,89.0,1.067591326430942,0.6642007326009836,False,6.529336734693884,2,4
SNDK,strong,2026-06-08,win,1,1.004,1,较佳入场,中性,11.0,1.0524452724732152,-3.3471384295079343,True,6.569767441860473,0,6
SNDK,strong,2026-06-11,win,1,1.543,1,较佳入场,看多,29.0,1.5891813471502585,0.24646200066800183,False,7.213292149281628,3,6
SNDK,strong,2026-06-25,loss,0,-1.042,1,较佳入场,看多,19.0,1.2732935986800025,-0.2698442969775616,True,6.633814629142772,3,6
SNDK,strong,2026-06-30,loss,0,-1.034,2,较佳入场,看多,19.0,1.3461930411995942,2.0079248856049503,False,8.139667236555326,1,6
SNDK,strong,2026-08-13,win,1,1.541,1,可关注,中性,-1.0,1.588691020605807,-2.3825401886210074,True,6.936327970577665,3,8
SNDK,strong,2026-08-28,win,1,1.488,5,观望,看多,21.0,1.5314900153609823,-1.8831179641299656,True,7.6429558011049785,4,8
AAPL,strong,2024-12-31,loss,0,-1.201,1,较佳入场,看多,39.0,1.7913279132791375,0.3458439520285239,False,1.472341233730747,1,12
AAPL,strong,2025-01-31,loss,0,-1.141,1,可关注,中性,15.0,1.0901077375122386,-0.4817232282118944,True,2.0802001291557923,4,1
AAPL,strong,2025-02-07,loss,0,-1.166,1,可关注,看多,25.0,1.9513381995133916,-0.5285394905143792,True,1.7798049258658906,4,2
AAPL,strong,2025-02-12,win,1,0.893,1,可关注,中性,15.0,1.0339660339660315,-0.5257928446313453,True,2.178107435379828,2,2
AAPL,strong,2025-04-01,win,1,1.429,1,可关注,中性,11.0,1.6367851622874932,-0.5486375657581699,True,1.4807779241498664,1,4
AAPL,strong,2025-04-24,win,1,1.252,5,可关注,中性,3.0,1.3486792452830192,-0.969485525055247,True,3.2533303066916828,3,4
AAPL,strong,2025-05-21,loss,0,-1.182,1,观望,看多,21.0,2.331316187594544,-0.6203060532260718,True,1.61864468234915,2,5
AAPL,strong,2025-07-01,win,1,1.418,1,较佳入场,强烈看多,55.0,1.5782828282828365,1.120823347814115,False,1.9253587356384425,1,7
AAPL,strong,2025-07-15,timeout,0,0.536,10,较佳入场,看多,39.0,1.83837056504599,0.8239011016110798,False,1.8274493566028172,1,7
AAPL,strong,2025-08-07,win,1,1.096,1,较佳入场,看多,21.0,1.2535211267605517,0.29030017448075096,False,1.9556784758714845,3,8
AAPL,strong,2025-08-22,win,1,2.401,7,较佳入场,看多,33.0,2.591339648173189,1.330566130235189,False,1.6397617897533165,4,8
AAPL,strong,2025-09-10,loss,0,-1.17,1,较佳入场,看多,43.0,1.6948941469489298,0.06750881178883006,False,1.7355747251853297,2,9
AAPL,strong,2025-09-15,win,1,1.382,4,较佳入场,看多,39.0,1.552941176470604,-0.00491301341343231,True,1.7998731134272083,0,9
AAPL,strong,2025-10-10,loss,0,-1.192,1,较佳入场,看多,37.0,2.0384615384615477,0.5142870597343974,False,1.5354226846349732,4,10
AAPL,strong,2025-10-23,win,1,1.832,3,较佳入场,强烈看多,51.0,1.998965873836609,0.4794981131045928,False,1.866915785722429,3,10
AAPL,strong,2025-11-10,loss,0,-1.219,6,较佳入场,看多,27.0,2.7324137931034564,1.33810706336428,False,1.351452701361747,0,11
AAPL,strong,2025-11-26,win,1,1.697,3,较佳入场,强烈看多,49.0,1.8737060041407954,1.2158811463677255,False,1.7486810443369953,2,11
AAPL,strong,2025-12-05,loss,0,-1.201,1,较佳入场,看多,43.0,2.759708737864076,1.3130358352597682,False,1.4725935683985565,4,12
AAPL,strong,2025-12-10,loss,0,-1.179,3,较佳入场,看多,21.0,1.1247264770240688,-0.3577313145738059,True,1.6498430120997374,2,12
AAPL,strong,2026-01-30,win,1,1.711,1,可关注,看多,19.0,2.011583011583045,-0.39871314355472975,True,1.017772421510674,4,1
AAPL,strong,2026-02-25,loss,0,-1.134,2,较佳入场,强烈看多,45.0,1.4731543624160939,0.7997190797483844,False,2.196863534891803,2,2
AAPL,strong,2026-04-28,loss,0,-1.151,1,较佳入场,看多,39.0,1.8752362948960153,0.8773347923688224,False,1.945891318133629,1,4
AAPL,strong,2026-05-01,win,1,1.888,4,较佳入场,强烈看多,51.0,2.0623742454728493,1.2169344133603932,False,1.7854368856077927,4,5
AAPL,strong,2026-06-08,loss,0,-1.167,1,较佳入场,看多,29.0,1.5481209899174835,0.021225626175658263,False,1.768382656065343,0,6
AAPL,strong,2026-07-31,timeout,0,0.222,10,较佳入场,强烈看多,51.0,2.817014446227923,1.5369307155545187,False,2.0456588692890154,4,7
AAPL,strong,2026-08-27,win,1,1.305,1,较佳入场,强烈看多,47.0,1.4535603715170304,-0.0987977412572505,True,2.0801804069967003,3,8
AAPL,strong,2026-09-01,win,1,1.563,1,较佳入场,强烈看多,45.0,1.713737528779722,0.8755192943379786,False,2.0553346501969316,1,9
MSFT,weak,2024-12-19,loss,0,-1.18,1,较佳入场,看多,31.0,1.7377279102384284,-0.3947986571431472,True,1.6367384256433946,3,12
MSFT,weak,2025-01-28,loss,0,-1.153,2,较佳入场,中性,9.0,1.7659574468085222,0.40482636387990656,False,1.9186011103576646,1,1
MSFT,weak,2025-04-16,loss,0,-1.103,1,可关注,强烈看多,51.0,1.1989676208352948,-0.686544309873105,True,2.831869947656771,2,4
MSFT,weak,2025-07-23,win,1,1.563,2,较佳入场,看多,29.0,1.8314410480349197,0.31563283208020376,False,1.1409161454215324,2,7
MSFT,weak,2025-07-31,loss,0,-1.354,1,较佳入场,看多,25.0,2.56972972972974,0.8585637819793268,False,0.8412223743935916,3,7
MSFT,weak,2025-08-06,loss,0,-1.105,8,较佳入场,看多,43.0,1.026125816431771,-0.369055800422291,True,2.7667693526617603,2,8
MSFT,weak,2025-09-17,timeout,0,1.26,10,较佳入场,看多,37.0,1.5814116002795304,0.0011796487376924958,False,1.4127666907055143,2,9
MSFT,weak,2025-10-03,win,1,1.427,1,较佳入场,看多,33.0,1.6527977044476236,0.5131083539959613,False,1.3589919516594873,4,10
MSFT,weak,2025-10-10,loss,0,-1.22,1,较佳入场,看多,43.0,1.8701298701298807,0.5993520805019026,False,1.3445881042822219,4,10
MSFT,weak,2025-10-23,win,1,0.874,2,较佳入场,中性,17.0,1.1030478955007568,-0.020891894304309044,True,1.329611684927927,3,10
MSFT,weak,2025-10-31,loss,0,-1.183,1,较佳入场,看多,27.0,1.473995271867619,-0.1322425268356353,True,1.6127676840622303,4,10
MSFT,weak,2025-12-09,loss,0,-1.262,1,可关注,中性,15.0,1.3581818181818128,-0.40121261676727693,True,1.1316485012076545,1,12
MSFT,weak,2025-12-19,loss,0,-1.203,8,可关注,中性,15.0,1.1929078014184333,-0.38960987540712644,True,1.4557465934605542,4,12
MSFT,weak,2026-05-01,loss,0,-1.118,8,较佳入场,看多,31.0,2.1921375921376027,-0.3474039324162681,True,2.4748629471954717,4,5
MSFT,weak,2026-05-19,loss,0,-1.128,1,较佳入场,中性,17.0,1.0468670402445155,0.09029930151855936,False,2.292341266207266,1,5
MSFT,weak,2026-05-22,win,1,1.143,4,较佳入场,看多,43.0,1.2718253968254039,-0.6124024063977496,True,2.407154306388101,4,5
MSFT,weak,2026-06-03,loss,0,-1.066,2,较佳入场,强烈看多,51.0,1.45820105820106,-0.5686740573857207,True,4.3187543319710535,2,6
MSFT,weak,2026-07-06,loss,0,-1.112,3,较佳入场,看多,21.0,1.1693227091633396,-0.6636109431349735,True,2.598930460842112,0,7
MSFT,weak,2026-07-13,win,1,0.906,2,可关注,看多,25.0,1.018948365703468,-0.6188681106099825,True,2.7272391037186283,0,7
MSFT,weak,2026-07-29,win,1,0.968,1,可关注,中性,5.0,1.0853954391072176,-0.5972856472880927,True,2.6244025759061653,2,7
MSFT,weak,2026-08-18,win,1,1.013,7,较佳入场,看多,39.0,1.0847417281599607,-0.5811407505508015,True,4.370258272784023,1,8
MSFT,weak,2026-09-01,loss,0,-1.168,6,较佳入场,强烈看多,51.0,2.6181192660550527,1.5331362297944295,False,1.7526933977642343,1,9
NVDA,weak,2024-12-31,loss,0,-1.151,1,可关注,看多,35.0,1.7126865671641474,-0.737230906312214,True,1.9466824104729725,1,12
NVDA,weak,2025-01-10,loss,0,-1.067,1,观望,看多,29.0,1.4075021312873013,-0.8340264395357178,True,4.278160623306127,4,1
NVDA,weak,2025-01-27,loss,0,-1.069,1,较佳入场,看多,33.0,1.6343355965082553,0.2594609310299756,False,4.141406943273673,0,1
NVDA,weak,2025-02-11,win,1,0.946,3,较佳入场,看多,29.0,1.0148270181219068,-1.01662421883707,True,4.590336730574466,1,2
NVDA,weak,2025-04-14,loss,0,-1.08,2,可关注,中性,11.0,1.773170731707322,-1.442099224908422,True,3.60208545728635,0,4
NVDA,weak,2025-04-25,win,1,1.291,4,较佳入场,看多,21.0,1.3654485049833869,-1.2719594876865803,True,4.236206280989221,4,4
NVDA,weak,2025-06-16,win,1,1.546,6,较佳入场,看多,33.0,1.6631716906946272,1.1590685163225478,False,2.667844741510478,0,6
NVDA,weak,2025-07-02,win,1,1.019,1,较佳入场,强烈看多,59.0,1.098251457119068,-0.5236632185131707,True,3.934976177374775,2,7
NVDA,weak,2025-08-04,win,1,1.803,3,较佳入场,看多,41.0,1.9443725743855245,0.8760774362502888,False,2.211965142771036,0,8
NVDA,weak,2025-08-14,loss,0,-1.159,3,较佳入场,看多,33.0,2.222891566265091,1.5447991546129636,False,1.851539221711675,3,8
NVDA,weak,2025-08-29,loss,0,-1.121,1,较佳入场,强烈看多,45.0,1.0,-1.0465050993305414,True,2.4229732412650637,4,8
NVDA,weak,2025-09-24,loss,0,-1.109,1,较佳入场,看多,31.0,1.6430062630480107,0.23286223270595485,False,2.6708993877265246,2,9
NVDA,weak,2025-09-29,win,1,1.14,1,较佳入场,看多,31.0,1.2557172557172536,0.3919999886388581,False,2.6722409264632763,0,9
NVDA,weak,2025-10-07,loss,0,-1.143,3,较佳入场,强烈看多,51.0,2.6504599211563704,1.863707202904874,False,2.048067347922317,1,10
NVDA,weak,2025-10-14,loss,0,-1.102,1,较佳入场,强烈看多,47.0,1.6742857142857128,1.5897385845742296,False,2.848177603476921,1,10
NVDA,weak,2025-10-28,win,1,1.437,1,较佳入场,强烈看多,45.0,1.5876418663303864,1.932838895482325,False,2.0587927646107484,1,10
NVDA,weak,2025-10-31,loss,0,-1.064,3,可关注,强烈看多,61.0,1.0958535271944012,-0.6064255189342949,True,4.508232357852826,4,10
NVDA,weak,2025-11-11,loss,0,-1.092,2,较佳入场,看多,35.0,2.0024489795918345,2.2471883663905956,False,3.1459695958279243,1,11
NVDA,weak,2025-12-09,loss,0,-1.116,2,较佳入场,看多,29.0,1.3304721030042823,-0.7416507833445052,True,2.5171934609948408,1,12
NVDA,weak,2026-01-13,loss,0,-1.148,1,观望,看多,25.0,1.7469220246238,-0.5614362679154938,True,1.9802987194445596,1,1
NVDA,weak,2026-01-29,loss,0,-1.132,2,较佳入场,强烈看多,65.0,1.3180212014134258,1.4672036723230697,False,2.2237554181018724,3,1
NVDA,weak,2026-02-10,loss,0,-1.092,3,较佳入场,中性,17.0,1.404326123128115,0.9350131683089735,False,3.1476974037432695,1,2
NVDA,weak,2026-02-19,win,1,1.147,4,较佳入场,强烈看多,45.0,1.2471910112359563,-0.5192352560404734,True,3.0998273175350173,3,2
NVDA,weak,2026-04-07,win,1,1.708,1,可关注,看多,23.0,1.9064220183486054,-0.6029507374577636,True,1.5542189090914884,1,4
NVDA,weak,2026-05-01,loss,0,-1.103,1,较佳入场,看多,31.0,1.9708737864077586,0.1231297652046548,False,2.8209203391668254,4,5
NVDA,weak,2026-05-07,win,1,1.94,2,较佳入场,中性,11.0,2.067185978578372,1.9950975529735793,False,2.4703548699333737,3,5
NVDA,weak,2026-05-18,loss,0,-1.058,1,较佳入场,强烈看多,59.0,1.169340463458111,-0.6601182749668588,True,4.8921764851257805,0,5
NVDA,weak,2026-05-22,loss,0,-1.093,1,较佳入场,看多,19.0,1.599131693198255,0.58298861672752,False,3.1352625177314084,4,5
NVDA,weak,2026-06-02,loss,0,-1.097,1,较佳入场,看多,33.0,1.6681318681318738,1.7261271963225688,False,3.0110929214058233,1,6
NVDA,weak,2026-07-09,win,1,0.96,1,较佳入场,看多,21.0,1.0652173913043503,-0.6955748572350484,True,2.9280501470760374,3,7
NVDA,weak,2026-07-14,loss,0,-1.116,3,观望,看多,29.0,1.8323809523809533,-0.7069570240957002,True,2.5244353834486906,1,7
NVDA,weak,2026-08-19,loss,0,-1.131,1,较佳入场,看多,43.0,2.743434343434352,2.0050190651612843,False,2.23554778906565,2,8
NVDA,weak,2026-08-24,loss,0,-1.112,2,较佳入场,中性,3.0,1.2732919254658426,-0.7358675492534217,True,2.6174107031208047,0,8
GOOGL,strong,2024-12-31,win,1,1.933,4,较佳入场,看多,29.0,2.071925754060319,1.17828481200275,False,2.2688386189264156,1,12
GOOGL,strong,2025-01-10,loss,0,-1.131,1,较佳入场,看多,41.0,1.3337195828505124,-0.49115803217490983,True,2.2338271866747337,4,1
GOOGL,strong,2025-01-21,loss,0,-1.137,4,较佳入场,强烈看多,53.0,1.343529411764692,0.5087549606372699,False,2.147457944907737,1,1
GOOGL,strong,2025-02-04,loss,0,-1.154,1,较佳入场,强烈看多,61.0,2.33852140077822,1.4533275776614563,False,1.9064980903425626,1,2
GOOGL,strong,2025-03-25,loss,0,-1.193,1,可关注,中性,3.0,1.7029126213592274,-0.5816675478048539,True,1.53102968424304,1,3
GOOGL,strong,2025-04-15,loss,0,-1.103,1,可关注,看多,19.0,1.2812500000000049,-0.7995242164248517,True,2.828574431021328,1,4
GOOGL,strong,2025-04-24,win,1,1.142,1,可关注,中性,-1.0,1.2555685814771327,-0.7628528812134938,True,2.7442191060321064,3,4
GOOGL,strong,2025-05-13,win,1,1.687,1,较佳入场,中性,13.0,1.8104738154613356,-0.7008771170433858,True,2.5372475589061136,1,5
GOOGL,strong,2025-05-21,win,1,1.465,1,较佳入场,看多,33.0,1.5723270440251633,0.45602694800386256,False,2.927776533647856,2,5
GOOGL,strong,2025-05-27,loss,0,-1.115,5,较佳入场,看多,43.0,2.6306620209059166,2.137930247847142,False,2.541893394931108,1,5
GOOGL,strong,2025-06-05,win,1,1.272,2,较佳入场,中性,13.0,1.3926521239954013,0.2949216407702071,False,2.5686989652599745,3,6
GOOGL,strong,2025-06-13,loss,0,-1.151,4,较佳入场,强烈看多,53.0,2.8152011922504117,1.7714843891909249,False,1.9524086580289368,4,6
GOOGL,strong,2025-07-01,win,1,1.724,9,较佳入场,强烈看多,61.0,1.8505747126436831,0.7433449691345295,False,2.483904367693291,1,7
GOOGL,strong,2025-08-04,win,1,1.624,1,较佳入场,看多,39.0,1.7808764940239141,0.44813753349761676,False,1.9854788528022655,0,8
GOOGL,strong,2025-08-20,win,1,1.936,2,较佳入场,看多,19.0,2.114285714285716,1.1621212402147085,False,1.7497339530032487,2,8
GOOGL,strong,2025-09-29,loss,0,-1.162,1,较佳入场,看多,31.0,2.3140954495005537,1.2186063133837077,False,1.8223586038466153,0,9
GOOGL,strong,2025-10-02,win,1,0.878,2,较佳入场,看多,33.0,1.0255905511811072,-1.0953738312250771,True,2.077589703739126,3,10
GOOGL,strong,2025-10-17,loss,0,-1.139,2,较佳入场,看多,21.0,1.8339622641509545,0.7543180809960415,False,2.1190713824901954,4,10
GOOGL,strong,2025-10-23,win,1,1.258,1,较佳入场,看多,37.0,1.3954305799648508,0.6402963243133275,False,2.255039037716931,3,10
GOOGL,strong,2025-11-14,win,1,1.74,1,较佳入场,看多,27.0,1.861012116892378,0.6949018326942058,False,2.5913722550129377,4,11
GOOGL,strong,2025-11-19,win,1,1.816,1,较佳入场,看多,29.0,1.932475884244383,1.0450921409217884,False,2.714591440280494,2,11
GOOGL,strong,2025-12-09,loss,0,-1.132,4,较佳入场,看多,27.0,2.7744034707158503,2.0270783925531166,False,2.218027170847055,1,12
GOOGL,strong,2026-01-05,win,1,0.893,2,较佳入场,看多,39.0,1.0432098765432056,-0.14028939771474347,True,2.0438850752582316,0,1
GOOGL,strong,2026-01-21,win,1,1.327,1,较佳入场,看多,31.0,1.4717948717948766,-0.7060349094391127,True,2.130835124183716,2,1
GOOGL,strong,2026-01-26,win,1,1.44,3,较佳入场,看多,29.0,1.5847033595425475,0.2368415291368109,False,2.1380090481676226,0,1
GOOGL,strong,2026-02-02,loss,0,-1.161,2,较佳入场,强烈看多,61.0,2.132412672623902,1.5331167848241067,False,1.8342078322396027,0,2
GOOGL,strong,2026-04-07,win,1,1.165,1,可关注,看多,21.0,1.309597523219824,-0.548240232883912,True,2.136561716990537,1,4
GOOGL,strong,2026-05-20,loss,0,-1.125,6,较佳入场,看多,33.0,1.9928374655647574,1.0359119066773115,False,2.343630762254195,2,5
GOOGL,strong,2026-07-06,loss,0,-1.149,3,较佳入场,看多,31.0,1.6876750700279946,-0.6357250427552974,True,1.9761000968768914,0,7
GOOGL,strong,2026-07-15,win,1,1.463,1,可关注,看多,31.0,1.6207386363636351,-0.5703538905315941,True,1.9679092777542344,2,7
GOOGL,strong,2026-08-06,loss,0,-1.05,8,观望,看多,29.0,1.2086190009794346,-0.7624598410144068,True,5.663754095076244,3,8
AMZN,weak,2024-12-19,loss,0,-1.134,1,较佳入场,看多,31.0,2.300202839756603,0.5013236133720511,False,2.1919878705824485,3,12
AMZN,weak,2024-12-24,loss,0,-1.136,2,较佳入场,看多,33.0,1.9488752556237277,0.8604452624333403,False,2.1547545374961112,1,12
AMZN,weak,2025-01-21,win,1,1.045,1,较佳入场,看多,25.0,1.1965442764578755,0.2573670755263713,False,2.022717397753122,1,1
AMZN,weak,2025-02-06,loss,0,-1.152,1,较佳入场,看多,39.0,2.3802816901408432,1.369215455809658,False,1.9389942046603679,3,2
AMZN,weak,2025-02-11,loss,0,-1.132,4,较佳入场,看多,25.0,1.2011605415860658,-0.7788230882034175,True,2.2292169889695574,1,2
AMZN,weak,2025-03-25,loss,0,-1.114,3,可关注,看多,19.0,1.1170825335892545,-0.6306553376504875,True,2.5589390195553716,1,3
AMZN,weak,2025-05-22,win,1,1.453,9,较佳入场,看多,39.0,1.558922558922558,1.0958053268259382,False,2.949647361194879,3,5
AMZN,weak,2025-06-12,loss,0,-1.144,6,较佳入场,看多,39.0,2.439165701042876,1.514140057252722,False,2.037491748452037,3,6
AMZN,weak,2025-06-25,win,1,1.355,2,较佳入场,看多,43.0,1.5016574585635376,-0.11735786665058034,True,2.1083776455820207,2,6
AMZN,weak,2025-07-03,timeout,0,1.131,10,较佳入场,强烈看多,53.0,2.338582677165352,1.4063716369001389,False,1.7176088153451337,3,7
AMZN,weak,2025-07-31,loss,0,-1.218,1,较佳入场,看多,23.0,2.236306729264484,0.9206902720006349,False,1.3551342164407743,3,7
AMZN,weak,2025-08-15,loss,0,-1.16,2,较佳入场,看多,25.0,1.8878504672897154,1.2848040901289437,False,1.8402270041725164,4,8
AMZN,weak,2025-08-25,loss,0,-1.143,5,较佳入场,看多,35.0,1.3782051282051382,0.5492316612727421,False,2.058500054699409,0,8
AMZN,weak,2025-09-08,loss,0,-1.156,2,较佳入场,强烈看多,53.0,1.7846674182638078,0.986699917871281,False,1.887715992982543,0,9
AMZN,weak,2025-09-12,win,1,0.873,2,较佳入场,看多,31.0,1.0313549832026845,-1.0073628015660585,True,1.9383546263044176,4,9
AMZN,weak,2025-09-18,loss,0,-1.153,2,较佳入场,看多,25.0,1.20289855072463,-0.37421174365026566,True,1.929032258064522,3,9
AMZN,weak,2025-10-24,win,1,0.993,1,可关注,看多,27.0,1.1612903225806466,-0.46819594926815755,True,1.8155606513661284,4,10
AMZN,weak,2025-11-07,loss,0,-1.063,6,较佳入场,强烈看多,51.0,1.0208900999091803,-0.6012051506552596,True,4.5327296322173005,4,11
AMZN,weak,2026-01-02,loss,0,-1.183,1,较佳入场,中性,13.0,1.0214765100671175,-0.008660836848572995,True,1.6101841700383417,4,1
AMZN,weak,2026-01-15,loss,0,-1.146,2,较佳入场,看多,31.0,1.9316770186335321,-0.021126363969414808,True,2.0183026406230327,3,1
AMZN,weak,2026-01-26,win,1,0.897,2,较佳入场,中性,9.0,1.0468431771894013,-0.12945101177208596,True,2.046003870078649,0,1
AMZN,weak,2026-01-30,loss,0,-1.141,3,较佳入场,强烈看多,61.0,1.6138415245737143,0.12425785011764834,False,2.0780357716800775,4,1
AMZN,weak,2026-03-17,loss,0,-1.131,2,可关注,看多,35.0,1.4794952681388167,-0.5541961801784345,True,2.2342824153539307,1,3
AMZN,weak,2026-04-02,win,1,1.12,1,较佳入场,中性,17.0,1.2914979757084968,-0.5572574619982285,True,1.793841444967631,3,4
AMZN,weak,2026-05-12,loss,0,-1.154,3,较佳入场,看多,27.0,2.499509322865544,1.7052292174739136,False,1.9103146350848939,1,5
AMZN,weak,2026-07-02,win,1,1.824,8,较佳入场,看多,29.0,1.9669499527856393,-0.6902798306178903,True,2.1915483575281924,3,7
AMZN,weak,2026-08-14,loss,0,-1.113,2,较佳入场,看多,39.0,2.489423778264034,1.9652353214416163,False,2.5879643135135053,4,8
AMZN,weak,2026-08-20,loss,0,-1.109,5,较佳入场,强烈看多,51.0,1.561924982307152,1.2106892324261764,False,2.6846784852120895,3,8
META,weak,2024-12-26,loss,0,-1.124,1,较佳入场,中性,3.0,1.1580056179775453,-0.9270988462605545,True,2.36347797030115,3,12
META,weak,2025-01-08,loss,0,-1.122,1,较佳入场,看多,37.0,1.4708688245315231,0.1499993669117572,False,2.4042276927555486,2,1
META,weak,2025-01-16,win,1,1.257,4,较佳入场,看多,31.0,1.3716975402368752,0.41611616523449246,False,2.705867704811174,3,1
META,weak,2025-02-20,loss,0,-1.122,2,较佳入场,看多,27.0,1.7910897049969883,0.10415603435720566,False,2.393887278470604,3,2
META,weak,2025-03-26,loss,0,-1.106,1,较佳入场,看多,29.0,1.236565420560745,-0.7487696515159348,True,2.7507761308435077,2,3
META,weak,2025-05-27,win,1,1.741,4,较佳入场,强烈看多,47.0,1.851370052587886,1.0289960406067555,False,2.854559222185832,1,5
META,weak,2025-06-16,loss,0,-1.171,3,较佳入场,看多,19.0,2.624635871826883,1.6509433686871189,False,1.7237040052285384,0,6
META,weak,2025-07-02,loss,0,-1.17,9,较佳入场,看多,43.0,2.681781376518214,1.4692863774611098,False,1.7321344490428632,2,7
META,weak,2025-08-04,timeout,0,0.242,10,较佳入场,强烈看多,61.0,1.3024021059559048,-0.5388598490864593,True,4.011789974499207,0,8
META,weak,2025-09-10,loss,0,-1.156,1,较佳入场,看多,21.0,1.0291970802919599,0.12969488241838523,False,1.886234543107795,2,9
META,weak,2025-09-16,win,1,1.347,2,较佳入场,强烈看多,59.0,1.513942816801964,0.7683659569426737,False,1.8528587117032345,1,9
META,weak,2025-09-23,loss,0,-1.151,1,较佳入场,看多,35.0,1.5846153846153759,0.058357461130564836,False,1.9485059051704279,1,9
META,weak,2025-10-21,win,1,0.926,4,较佳入场,看多,21.0,1.0842105263157926,-0.4687559229165861,True,1.9411240718123532,1,10
META,weak,2026-01-26,win,1,1.143,3,较佳入场,看多,41.0,1.2709959413050287,0.8476269258676394,False,2.412095158313076,0,1
META,weak,2026-02-05,loss,0,-1.098,6,较佳入场,看多,35.0,1.7212782145574381,0.17533386211241453,False,2.9763052155304535,3,2
META,weak,2026-07-06,loss,0,-1.098,3,可关注,中性,15.0,2.905949008498585,-0.7660836884469613,True,2.967184319001533,0,7
META,weak,2026-07-23,loss,0,-1.079,4,较佳入场,看多,33.0,1.5082922456297523,-0.18303047648392523,True,3.666935287844171,3,7
META,weak,2026-08-27,loss,0,-1.129,3,较佳入场,看多,37.0,1.781416603198805,-0.6963330951708868,True,2.2776159528252062,3,8
TSLA,weak,2024-12-30,loss,0,-1.057,2,较佳入场,看多,37.0,1.8870967741935485,1.6459848028137936,False,5.026228017829422,0,12
TSLA,weak,2025-06-03,loss,0,-1.069,1,较佳入场,看多,31.0,1.9426086956521746,1.7518342116470853,False,4.147432125464753,1,6
TSLA,weak,2025-06-24,loss,0,-1.061,1,较佳入场,看多,33.0,1.647811848764509,2.652572401384057,False,4.715444694056947,1,6
TSLA,weak,2025-07-21,loss,0,-1.078,1,较佳入场,强烈看多,75.0,1.0120433560818884,1.659109352232524,False,3.7245814076945125,0,7
TSLA,weak,2025-08-08,win,1,1.002,1,较佳入场,看多,37.0,1.0970966206568398,-0.7881079291715998,True,3.2682077713252107,4,8
TSLA,weak,2025-08-15,loss,0,-1.085,3,较佳入场,看多,41.0,2.0709621245102254,1.7957855282004553,False,3.4013504339983536,4,8
TSLA,weak,2025-08-25,loss,0,-1.106,5,较佳入场,强烈看多,67.0,2.3013993541442357,2.5949759408662842,False,2.7412216486606407,0,8
TSLA,weak,2025-09-05,win,1,1.152,4,较佳入场,看多,27.0,1.2521859180855914,-0.9595977943018474,True,3.1221264367816115,4,9
TSLA,weak,2025-10-06,loss,0,-1.077,4,较佳入场,看多,27.0,1.9852187028657649,1.4898910493638118,False,3.76063528077141,0,10
TSLA,weak,2025-10-28,loss,0,-1.075,7,较佳入场,强烈看多,47.0,1.1061340941512168,0.8605344720292507,False,3.8535115983640256,1,10
TSLA,weak,2025-12-03,win,1,0.986,1,可关注,看多,29.0,1.0712241653418126,-0.8637834924534626,True,3.639203836584274,2,12
TSLA,weak,2025-12-29,loss,0,-1.086,2,较佳入场,强烈看多,47.0,1.8375314861460967,1.1451443011869067,False,3.3859275053304896,0,12
TSLA,weak,2026-02-12,loss,0,-1.136,1,较佳入场,看多,29.0,1.7972027972028095,-0.7347512948099655,True,2.1601209072011605,3,2
TSLA,weak,2026-02-26,loss,0,-1.135,1,较佳入场,看多,21.0,1.3272120200333966,-0.6923475776249965,True,2.168090272881269,3,2
TSLA,weak,2026-04-29,win,1,1.313,2,观望,看多,21.0,1.4079320113314413,-0.7758103721575149,True,3.291156153669752,2,4
TSLA,weak,2026-05-19,win,1,1.645,3,较佳入场,看多,23.0,1.7286269430051915,-0.18988966225016446,True,3.8297449795987926,1,5
TSLA,weak,2026-06-01,loss,0,-1.092,1,较佳入场,强烈看多,59.0,1.6847181008902152,1.6111752809461644,False,3.1532902074758375,0,6
TSLA,weak,2026-06-30,win,1,1.077,1,较佳入场,中性,1.0,1.1555075593952508,0.6058228302449287,False,3.991379310344824,1,6
TSLA,weak,2026-07-10,loss,0,-1.071,1,可关注,看多,27.0,1.5124363200479445,-0.945352972987179,True,4.064654534078521,4,7
AMD,strong,2025-01-08,loss,0,-1.083,1,可关注,中性,7.0,1.32027649769586,-0.7018624104697002,True,3.48566374230036,2,1
AMD,strong,2025-01-23,loss,0,-1.094,2,可关注,看多,27.0,1.045393858477975,-0.6981222917669783,True,3.0840813559977938,3,1
AMD,strong,2025-03-18,win,1,1.056,1,可关注,看多,19.0,1.1531531531531547,-0.8061491484345318,True,3.206547952747267,1,3
AMD,strong,2025-04-25,win,1,1.155,4,较佳入场,看多,21.0,1.2217194570135723,-1.254310420504734,True,4.738422017412165,4,4
AMD,strong,2025-05-23,win,1,2.589,6,较佳入场,看多,39.0,2.691411935953416,2.8138921661150063,False,3.17790740714076,4,5
AMD,strong,2025-06-06,win,1,1.504,2,较佳入场,看多,31.0,1.6002587322121535,0.7489353317131853,False,3.2840512531421333,4,6
AMD,strong,2025-06-13,win,1,1.664,1,较佳入场,看多,39.0,1.760416666666673,0.6625891946992812,False,3.308918482567696,4,6
AMD,strong,2025-07-08,win,1,1.818,3,较佳入场,看多,19.0,1.9153674832962087,1.2240016908896978,False,3.2697347513235386,1,7
AMD,strong,2025-08-07,win,1,1.533,2,较佳入场,中性,3.0,1.616106333072719,-2.1123409042321684,True,3.833013749921564,3,8
AMD,strong,2025-08-13,loss,0,-1.077,4,较佳入场,强烈看多,55.0,1.4843982169390824,1.8216720685846788,False,3.7407591923791323,2,8
AMD,strong,2025-09-24,loss,0,-1.125,1,较佳入场,看多,21.0,1.376470588235302,-0.7219140516539935,True,2.3469137932697044,2,9
AMD,strong,2025-10-13,win,1,1.364,9,可关注,强烈看多,59.0,1.4057239057239053,-1.0953636337976969,True,8.092643163927276,0,10
AMD,strong,2025-11-05,loss,0,-1.071,2,较佳入场,看多,19.0,1.901522842639597,1.3784727556285459,False,4.049498346305874,2,11
AMD,strong,2025-11-13,loss,0,-1.06,1,较佳入场,看多,33.0,1.3082021541010826,2.1463857362152394,False,4.791584077989301,3,11
AMD,strong,2025-12-24,win,1,1.414,5,较佳入场,看多,21.0,1.5278246205733546,-0.9266544205041805,True,2.7583961846922533,2,12
AMD,strong,2026-02-02,win,1,1.55,1,较佳入场,看多,31.0,1.6248146317350458,-0.13920706675986105,True,4.290197996650539,0,2
AMD,strong,2026-06-09,loss,0,-1.054,1,较佳入场,看多,25.0,1.356236986560667,-0.008159844145105843,True,5.2541024365987115,1,6
AMD,strong,2026-06-12,win,1,1.132,1,较佳入场,中性,3.0,1.1873496046751435,-1.3312030932790875,True,5.8216093693831965,4,6
AMD,strong,2026-06-17,loss,0,-1.049,7,较佳入场,强烈看多,49.0,1.6195066165659178,-0.4239849749883451,True,5.778235387186538,2,6
AMD,strong,2026-07-02,loss,0,-1.048,2,较佳入场,看多,41.0,1.7154956085319935,0.9518841470029793,False,5.9238891019191655,3,7
AMD,strong,2026-07-10,loss,0,-1.045,3,较佳入场,强烈看多,55.0,1.277621236838205,0.4243071771504958,False,6.197496258299614,4,7
AMD,strong,2026-07-23,loss,0,-1.046,2,较佳入场,看多,25.0,1.1290611028315993,0.19955682561612065,False,6.158901604702278,3,7
AMD,strong,2026-08-18,loss,0,-1.051,2,可关注,看多,19.0,1.0420353982300858,-1.2085358948827674,True,5.562392348798231,1,8
QCOM,weak,2024-12-27,loss,0,-1.173,1,可关注,看多,25.0,1.500000000000011,-0.5588801576595359,True,1.7043035191740743,4,12
QCOM,weak,2025-01-08,win,1,0.921,7,可关注,强烈看多,53.0,1.0071684587813656,-0.5542361264675111,True,3.6201845824673375,2,1
QCOM,weak,2025-02-04,win,1,2.188,1,较佳入场,强烈看多,47.0,2.3372262773722814,1.416088870207921,False,2.11063391740722,1,2
QCOM,weak,2025-02-07,win,1,1.236,7,较佳入场,看多,23.0,1.3551401869158992,-0.5226742179874289,True,2.616866248502496,4,2
QCOM,weak,2025-02-21,loss,0,-1.138,1,较佳入场,看多,33.0,1.0643356643356532,-0.28529606038294464,True,2.121484662352281,4,2
QCOM,weak,2025-05-28,loss,0,-1.102,2,较佳入场,中性,-7.0,1.1829268292683,-0.6835116115909701,True,2.845373169323472,2,5
QCOM,weak,2025-06-16,loss,0,-1.127,2,较佳入场,强烈看多,51.0,2.3778409090908954,1.3899722063374753,False,2.3013136794788376,0,6
QCOM,weak,2025-06-23,win,1,1.005,1,较佳入场,中性,-9.0,1.1352517985611592,-1.077669898935607,True,2.3590255471187835,0,6
QCOM,weak,2025-06-26,win,1,1.276,3,较佳入场,强烈看多,47.0,1.4188163884673837,1.14180166124227,False,2.161507997197878,3,6
QCOM,weak,2025-07-08,loss,0,-1.147,4,较佳入场,看多,39.0,1.407704654895659,-0.2987166059252533,True,2.0053711785694404,1,7
QCOM,weak,2025-07-22,win,1,0.927,5,较佳入场,看多,25.0,1.0885860306643815,-0.041446854473969896,True,1.8955531288176803,1,7
QCOM,weak,2025-07-31,loss,0,-1.151,1,较佳入场,看多,19.0,1.2862068965517182,-0.5051109927373676,True,1.944509824497501,3,7
QCOM,weak,2025-08-13,win,1,0.958,1,较佳入场,中性,13.0,1.0952380952380845,-1.0168264178231134,True,2.2403656545771677,2,8
QCOM,weak,2025-08-18,loss,0,-1.147,2,较佳入场,强烈看多,61.0,1.7902439024390295,1.314488372239686,False,2.0008242171813717,0,8
QCOM,weak,2025-09-04,win,1,1.273,1,较佳入场,看多,21.0,1.4274061990212081,0.04548161437585296,False,2.003091046510533,3,9
QCOM,weak,2025-09-09,loss,0,-1.147,1,较佳入场,强烈看多,55.0,1.6857142857142835,1.0890746472853374,False,2.0051123100605124,1,9
QCOM,weak,2025-09-12,win,1,1.484,4,较佳入场,强烈看多,57.0,1.64102564102564,1.1412099355292638,False,1.9741980409193327,4,9
QCOM,weak,2025-09-30,win,1,1.378,3,较佳入场,看多,31.0,1.5285285285285368,-0.28457928191294446,True,2.052249983814149,1,9
QCOM,weak,2025-10-07,loss,0,-1.161,1,较佳入场,看多,33.0,1.6885245901639456,0.4439922551972453,False,1.8325580190855988,1,10
QCOM,weak,2025-10-24,win,1,1.169,1,较佳入场,强烈看多,61.0,1.3068783068783059,1.2531222543455511,False,2.2474911409032585,4,10
QCOM,weak,2025-11-05,loss,0,-1.089,2,较佳入场,看多,23.0,1.4604316546762541,-0.3038090221425538,True,3.2477602394135814,2,11
QCOM,weak,2025-11-12,loss,0,-1.086,3,较佳入场,看多,29.0,1.0381944444444493,-1.3824869038233434,True,3.3599719415777467,2,11
QCOM,weak,2025-12-04,win,1,0.984,4,较佳入场,强烈看多,45.0,1.103139013452903,1.6709633226329013,False,2.598367156271946,3,12
QCOM,weak,2025-12-17,loss,0,-1.136,9,较佳入场,看多,35.0,2.5073627844712307,1.6463696747005097,False,2.1538714056326382,2,12
QCOM,weak,2026-01-08,loss,0,-1.136,1,较佳入场,强烈看多,63.0,2.031578947368437,1.0457034642773255,False,2.158509037910353,3,1
QCOM,weak,2026-02-25,loss,0,-1.154,2,可关注,中性,3.0,1.3217550274223002,-0.6335020364452659,True,1.9078038890740077,2,2
QCOM,weak,2026-05-05,win,1,1.229,1,可关注,看多,39.0,1.2754749568221042,-0.9190647732333801,True,6.970491245528186,1,5
QCOM,weak,2026-05-20,win,1,1.926,2,较佳入场,看多,19.0,1.9782350613375561,2.8358110970948314,False,6.47242989693636,2,5
QCOM,weak,2026-05-28,loss,0,-1.026,8,较佳入场,强烈看多,59.0,1.1557851239669426,-1.3763384790360766,True,10.348125697941658,3,5
QCOM,weak,2026-08-10,loss,0,-1.08,1,可关注,中性,11.0,1.3640897755610912,-1.0775788118398966,True,3.5964181213784445,0,8
QCOM,weak,2026-08-14,loss,0,-1.09,2,可关注,看多,41.0,1.340545625587952,-0.973971520555772,True,3.226424449233484,4,8
ORCL,mid,2025-01-31,timeout,0,0.44,10,可关注,看多,27.0,1.1516417910447811,-0.8752202293494382,True,4.999088551313673,4,1
ORCL,mid,2025-02-19,loss,0,-1.119,2,较佳入场,强烈看多,63.0,1.9443155452436174,2.1331753606515846,False,2.4549664562320146,2,2
ORCL,mid,2025-05-23,win,1,2.24,2,较佳入场,强烈看多,51.0,2.394230769230765,1.9960854552833585,False,2.040303206455043,4,5
ORCL,mid,2025-07-23,win,1,2.614,6,较佳入场,看多,41.0,2.75885167464115,1.9913709303620353,False,2.202355885737797,2,7
ORCL,mid,2025-08-04,win,1,1.389,1,较佳入场,看多,29.0,1.5117029862792606,-0.1134276597019146,True,2.5480309631880362,0,8
ORCL,mid,2025-08-08,loss,0,-1.112,3,较佳入场,看多,29.0,1.6542635658914782,0.2600468919947474,False,2.6090927579291585,4,8
ORCL,mid,2025-09-10,loss,0,-1.135,1,较佳入场,看多,25.0,1.1207272727272792,0.35233278188366857,False,2.1784389561162585,2,9
ORCL,mid,2025-09-26,loss,0,-1.058,2,较佳入场,看多,39.0,2.1953700455980463,2.2784879159102767,False,4.920639367180197,4,9
ORCL,mid,2025-10-14,win,1,0.974,2,较佳入场,看多,25.0,1.0486249501793554,1.6383287848263484,False,4.172350194692547,1,10
ORCL,mid,2025-12-08,loss,0,-1.082,3,可关注,中性,3.0,1.2603626943005206,-0.9917424924121843,True,3.5213296959708984,0,12
ORCL,mid,2026-03-05,loss,0,-1.077,2,可关注,看多,19.0,1.2478031634446392,-1.0377613214825887,True,3.7549885865126162,3,3
ORCL,mid,2026-03-13,loss,0,-1.039,7,可关注,看多,35.0,1.0053238686779062,-1.0912497738872928,True,7.135307197786823,4,3
ORCL,mid,2026-04-29,win,1,1.606,3,较佳入场,看多,31.0,1.6739130434782628,0.3425819407156361,False,4.7837146975188745,2,4
ORCL,mid,2026-05-13,loss,0,-1.068,4,较佳入场,强烈看多,51.0,1.9399249061326636,1.6778338125392533,False,4.241547432419736,2,5
ORCL,mid,2026-05-21,win,1,1.194,4,较佳入场,看多,29.0,1.2669126691266934,0.5780588804904951,False,4.316324095886341,3,5
ORCL,mid,2026-06-04,loss,0,-1.038,1,可关注,强烈看多,59.0,1.343234323432345,-0.9572972500337062,True,7.366950149963899,3,6
ORCL,mid,2026-06-09,loss,0,-1.055,1,较佳入场,看多,31.0,1.7900452488687812,0.4213356722206685,False,5.18369500401523,1,6
ORCL,mid,2026-08-03,win,1,1.322,1,可关注,中性,11.0,1.406060606060604,-1.1794284605177952,True,3.7522741576002083,0,8
ORCL,mid,2026-08-21,win,1,1.372,4,观望,看多,21.0,1.443403590944575,-0.9896108967741735,True,4.456582205398249,4,8
ORCL,mid,2026-09-01,loss,0,-1.086,1,观望,看多,33.0,1.373983739837392,-0.8378806242934522,True,3.352640545144815,1,9
VRT,strong,2025-01-06,loss,0,-1.073,1,较佳入场,看多,25.0,1.325626204238917,0.8885476441510054,False,3.961149678056171,0,1
VRT,strong,2025-01-15,win,1,2.137,4,较佳入场,看多,35.0,2.2137809187279167,2.826862722344714,False,4.282035281557355,2,1
VRT,strong,2025-01-27,loss,0,-1.03,1,较佳入场,强烈看多,59.0,1.0930888575458402,-0.9626137953976044,True,9.10509985555087,0,1
VRT,strong,2025-03-21,win,1,1.291,1,可关注,中性,7.0,1.3529411764705819,-1.5283822194905095,True,5.183337237439652,4,3
VRT,strong,2025-06-02,timeout,0,2.033,10,较佳入场,强烈看多,49.0,2.2781774580335723,2.538931809952838,False,3.8676364160112504,0,6
VRT,strong,2025-06-24,win,1,1.77,3,较佳入场,强烈看多,49.0,1.857473928157591,1.6625018489685672,False,3.660154099681755,1,6
VRT,strong,2025-07-02,loss,0,-1.093,5,较佳入场,强烈看多,51.0,2.544631306597664,2.5003435943422136,False,3.1181165043114136,2,7
VRT,strong,2025-07-14,win,1,1.22,1,较佳入场,看多,33.0,1.2938931297709904,-1.1050196653695,True,4.300867128511247,0,7
VRT,strong,2025-07-17,loss,0,-1.073,3,较佳入场,看多,29.0,1.0533596837944683,-0.7597089767909515,True,3.9507334408788495,3,7
VRT,strong,2025-07-24,win,1,1.261,2,较佳入场,强烈看多,55.0,1.3413693346190991,1.0295106996160763,False,3.9339169525336004,3,7
VRT,strong,2025-08-06,loss,0,-1.068,6,较佳入场,强烈看多,49.0,1.6689655172413813,2.0196817641422005,False,4.221100404772765,2,8
VRT,strong,2025-09-26,win,1,1.548,2,较佳入场,看多,39.0,1.621778886118046,1.4468777814611755,False,4.331946359866663,4,9
VRT,strong,2025-10-23,win,1,1.385,1,较佳入场,中性,11.0,1.4515366430260035,1.36455984809285,False,4.8524653897610825,3,10
VRT,strong,2025-11-06,loss,0,-1.061,1,较佳入场,看多,33.0,1.934158694428815,1.7992713327296794,False,4.656663690769859,3,11
VRT,strong,2025-12-01,win,1,0.959,1,较佳入场,中性,15.0,1.0163348647268982,-0.5119346128846347,True,5.57235502698809,0,12
VRT,strong,2025-12-04,loss,0,-1.055,5,较佳入场,看多,45.0,1.22424892703863,-0.11933622942654765,True,5.200425826639826,3,12
VRT,strong,2026-02-02,loss,0,-1.064,2,较佳入场,强烈看多,51.0,2.0654434250764484,2.293468816793709,False,4.478868141995857,0,2
VRT,strong,2026-03-04,win,1,2.042,5,较佳入场,看多,19.0,2.1081081081081092,2.7558063710556358,False,5.047593156560414,2,3
VRT,strong,2026-03-13,loss,0,-1.059,7,较佳入场,看多,41.0,1.8520109332292043,2.566775709095559,False,4.8317689120078615,4,3
VRT,strong,2026-04-29,win,1,1.735,3,较佳入场,强烈看多,47.0,1.8058321479374098,1.1686017803852033,False,4.581134263810547,2,4
VRT,strong,2026-05-19,loss,0,-1.056,5,较佳入场,中性,3.0,1.5064429127959238,-2.1168914094703117,True,5.063262418304986,1,5
VRT,strong,2026-06-26,loss,0,-1.047,1,较佳入场,看多,29.0,1.129580456718006,0.10770863548683618,False,5.998285372831969,4,6
VRT,strong,2026-07-07,win,1,1.287,2,观望,看多,39.0,1.3415172413793102,-1.3747367791533072,True,5.9490535926604196,1,7
VRT,strong,2026-08-12,loss,0,-1.059,4,可关注,中性,17.0,1.199170124481323,-1.3512127873610447,True,4.848819834646642,2,8
SMCI,mid,2024-12-16,timeout,0,-0.313,10,观望,看多,23.0,1.2431610942249218,-2.2001589403288113,True,10.44112972422137,0,12
SMCI,mid,2025-01-08,loss,0,-1.022,2,较佳入场,中性,17.0,1.14481897627965,-1.7994828102963822,True,11.789814118579256,2,1
SMCI,mid,2025-02-12,loss,0,-1.025,1,可关注,强烈看多,51.0,1.0553709856035438,-1.530220325550724,True,10.673759057764348,2,2
SMCI,mid,2025-05-27,timeout,0,0.556,10,较佳入场,看多,33.0,1.5740740740740697,2.610699136390804,False,6.5201642355686635,1,5
SMCI,mid,2025-06-17,win,1,0.957,1,较佳入场,看多,39.0,1.0178970917225947,0.5755032843208774,False,5.168824961246505,1,6
SMCI,mid,2025-07-08,win,1,1.698,2,较佳入场,强烈看多,47.0,1.7652173913043425,1.7934326066369133,False,4.848229482673491,1,7
SMCI,mid,2025-07-22,win,1,2.038,4,较佳入场,强烈看多,59.0,2.122194513715717,2.7124052652572894,False,3.86766974170216,1,7
SMCI,mid,2025-09-11,win,1,1.169,1,较佳入场,看多,37.0,1.245231607629434,-0.9474400013261608,True,4.143147351700941,3,9
SMCI,mid,2025-10-15,loss,0,-1.064,2,较佳入场,看多,41.0,2.0390143737166317,2.6875495173077413,False,4.467889908256885,2,10
SMCI,mid,2025-10-22,loss,0,-1.064,1,较佳入场,强烈看多,49.0,1.6488706365503067,2.1427234857913424,False,4.46870971736868,2,10
SMCI,mid,2025-12-09,loss,0,-1.057,2,可关注,中性,3.0,1.0056338028168963,-1.118258507451042,True,5.004228753631883,1,12
SMCI,mid,2026-01-21,loss,0,-1.045,6,可关注,看多,23.0,1.045801526717559,-1.0396980232762698,True,6.2065698340823445,2,1
SMCI,mid,2026-02-12,loss,0,-1.053,1,观望,看多,23.0,1.6023391812865535,-1.293897364364316,True,5.312208987114278,3,2
SMCI,mid,2026-02-27,loss,0,-1.051,2,较佳入场,强烈看多,45.0,1.245014245014245,-0.5238866585612567,True,5.508474470743688,4,2
SMCI,mid,2026-04-13,win,1,1.048,1,可关注,中性,11.0,1.102040816326532,-1.4051513314526365,True,5.865921912719081,0,4
SMCI,mid,2026-04-30,win,1,1.824,4,观望,看多,21.0,1.9082125603864746,-1.3123371022713992,True,3.8461538679627103,3,4
SMCI,mid,2026-05-12,loss,0,-1.027,4,较佳入场,强烈看多,59.0,1.0636363636363628,-1.2956405837347695,True,9.987893185708558,1,5
SMCI,mid,2026-05-20,win,1,1.136,1,较佳入场,中性,5.0,1.1889763779527578,-2.239285137740299,True,6.127372115311578,2,5
SMCI,mid,2026-06-10,loss,0,-1.031,1,较佳入场,中性,11.0,1.651612903225805,0.6438815989312507,False,8.707865541773833,2,6
SMCI,mid,2026-07-29,win,1,1.515,4,观望,看多,33.0,1.5615763546798056,-1.693155622185727,True,7.244825006551822,2,7
SMCI,mid,2026-08-25,win,1,1.856,8,较佳入场,看多,41.0,1.9094922737306912,2.3276059614353084,False,6.269028322832956,1,8
NFLX,weak,2024-12-17,loss,0,-1.181,1,较佳入场,强烈看多,45.0,2.0631229235880486,1.3066450824729126,False,1.633135849734849,1,12
NFLX,weak,2024-12-23,win,1,0.984,1,较佳入场,强烈看多,51.0,1.1336898395722008,-0.7587349570994717,True,2.0472509264866967,0,12
NFLX,weak,2024-12-27,loss,0,-1.146,1,较佳入场,强烈看多,61.0,1.1945945945945857,0.177779365684283,False,2.0196286524287372,4,12
NFLX,weak,2025-01-23,win,1,1.074,10,较佳入场,看多,37.0,1.1375000000000024,-0.6674280766396201,True,5.011432422613389,3,1
NFLX,weak,2025-02-21,loss,0,-1.128,1,较佳入场,看多,19.0,1.7914893617021355,0.553540465571789,False,2.282838850368791,4,2
NFLX,weak,2025-03-24,loss,0,-1.092,4,较佳入场,强烈看多,49.0,1.0943089430894282,-0.053081464807158696,True,3.1711818546823354,0,3
NFLX,weak,2025-05-13,win,1,1.963,2,较佳入场,看多,19.0,2.073552425665106,1.1297376093294398,False,2.866859308092782,1,5
NFLX,weak,2025-05-27,win,1,1.763,6,较佳入场,看多,29.0,1.92144373673036,1.4194057707424212,False,1.970167281434628,1,5
NFLX,weak,2025-06-10,loss,0,-1.171,1,较佳入场,看多,33.0,2.4292452830188656,1.2536170888181708,False,1.7270594523706713,1,6
NFLX,weak,2025-06-23,win,1,1.13,1,较佳入场,强烈看多,55.0,1.2997762863534539,0.20424675753278887,False,1.8052874119829354,0,6
NFLX,weak,2025-07-03,loss,0,-1.171,2,较佳入场,看多,43.0,2.5775280898876534,1.385617005950146,False,1.7221362635877882,3,7
NFLX,weak,2025-07-10,loss,0,-1.153,1,较佳入场,看多,33.0,1.5858585858585734,0.9228381744516234,False,1.9253208411076461,3,7
NFLX,weak,2025-08-25,win,1,1.166,1,观望,看多,21.0,1.3356321839080547,-0.4586049100226197,True,1.81001122076216,0,8
NFLX,weak,2025-09-03,win,1,1.588,1,观望,看多,25.0,1.8242811501597496,-0.45014503706709563,True,1.2986043121899553,2,9
NFLX,weak,2025-09-08,loss,0,-1.148,3,较佳入场,看多,43.0,1.6666666666666552,0.559466233470518,False,1.9823154034347927,0,9
NFLX,weak,2025-10-10,loss,0,-1.165,1,较佳入场,强烈看多,45.0,1.545454545454556,1.3643493275428353,False,1.7900732080436446,4,10
NFLX,weak,2025-10-15,loss,0,-1.147,1,较佳入场,看多,25.0,1.3925619834710752,-0.16838864620554173,True,1.995037097860172,2,10
NFLX,weak,2025-11-12,win,1,1.214,1,可关注,看多,19.0,1.4010695187165871,-0.504292424809305,True,1.6429882864057042,2,11
NFLX,weak,2026-07-06,loss,0,-1.133,2,较佳入场,看多,29.0,1.394117647058804,-0.6779207906383977,True,2.20550072601984,0,7
NFLX,weak,2026-07-30,win,1,0.929,2,可关注,看多,27.0,1.0264900662251666,-0.7012848908725999,True,3.168718373850348,3,7
NFLX,weak,2026-09-02,loss,0,-1.145,2,较佳入场,强烈看多,47.0,2.2638036809815802,1.8527824030674989,False,2.023587756977048,2,9
IONQ,mid,2024-12-16,win,1,1.073,1,较佳入场,看多,43.0,1.1052631578947378,-0.05907878565823976,True,10.532799111258978,0,12
IONQ,mid,2024-12-20,win,1,1.318,1,较佳入场,看多,43.0,1.3480333730631706,2.692407727857482,False,11.350108506259057,4,12
IONQ,mid,2025-01-02,win,1,1.241,1,较佳入场,看多,33.0,1.2731376975169266,1.7291779292831766,False,10.731589464633853,3,1
IONQ,mid,2025-01-22,loss,0,-1.021,3,较佳入场,看多,33.0,1.2885304659498191,2.2337576112161805,False,12.334217049014738,2,1
IONQ,mid,2025-02-05,loss,0,-1.025,4,较佳入场,看多,41.0,1.1351052048726467,-0.16694345253621679,True,10.681334163957258,2,2
IONQ,mid,2025-04-04,loss,0,-1.036,1,观望,看多,29.0,1.435530085959884,-2.22876366694702,True,7.721238807724834,4,4
IONQ,mid,2025-05-08,win,1,1.7,8,较佳入场,强烈看多,59.0,1.7505938242280246,2.7141324978795733,False,6.632010129739983,3,5
IONQ,mid,2025-06-04,loss,0,-1.033,1,较佳入场,看多,21.0,1.4023668639053228,1.9201264037148391,False,8.441558248539533,2,6
IONQ,mid,2025-06-10,loss,0,-1.034,4,较佳入场,强烈看多,59.0,1.0184049079754565,-1.5240870863052702,True,8.02165366378025,1,6
IONQ,mid,2025-07-17,win,1,1.36,1,较佳入场,看多,43.0,1.4108108108108075,-0.2976851029829586,True,6.388856710630622,3,7
IONQ,mid,2025-07-22,loss,0,-1.045,4,较佳入场,强烈看多,49.0,1.5081669691470019,-0.2693595843416774,True,6.188229945356096,1,7
IONQ,mid,2025-08-12,loss,0,-1.047,1,较佳入场,强烈看多,53.0,1.6252354048964273,2.86106346236894,False,5.946248397015552,1,8
IONQ,mid,2025-09-30,win,1,1.036,3,较佳入场,看多,39.0,1.0681818181818186,-1.3509331651359147,True,10.378990382391747,1,9
IONQ,mid,2025-10-09,win,1,1.094,2,较佳入场,强烈看多,59.0,1.125778331257784,-1.4196589468517873,True,10.72525671887542,3,10
IONQ,mid,2025-12-15,loss,0,-1.04,1,观望,看多,21.0,1.3623595505618,-1.6601592302322388,True,7.010634276445504,0,12
IONQ,mid,2026-05-18,loss,0,-1.036,1,较佳入场,强烈看多,59.0,1.6734434561626421,2.5666352674026838,False,7.595058667627377,0,5
IONQ,mid,2026-05-21,win,1,1.867,1,较佳入场,看多,33.0,1.914649681528664,2.761459500006125,False,7.187328247815468,3,5
IONQ,mid,2026-08-21,loss,0,-1.047,5,观望,看多,21.0,1.4911591355599212,-1.4241662015265333,True,6.030805578172053,4,8
RGTI,mid,2025-02-05,loss,0,-1.017,4,较佳入场,看多,39.0,1.158273381294963,0.7342163511659949,False,14.882226737596623,2,2
RGTI,mid,2025-04-10,loss,0,-1.025,4,较佳入场,强烈看多,45.0,1.0816326530612228,-2.4922082728686124,True,10.810811311240705,3,4
RGTI,mid,2025-05-02,win,1,1.236,1,观望,看多,25.0,1.272189349112429,-1.8259898676395991,True,9.163865371092662,4,5
RGTI,mid,2025-05-22,win,1,1.178,1,较佳入场,看多,31.0,1.2153846153846124,0.9208106643367797,False,8.837926363407687,3,5
RGTI,mid,2025-06-02,loss,0,-1.028,3,较佳入场,看多,31.0,1.2212765957446805,-1.6246981585926412,True,9.58010572449505,0,6
RGTI,mid,2025-07-14,win,1,1.113,2,较佳入场,中性,15.0,1.158192090395481,-2.793293653824569,True,7.19512183964548,0,7
RGTI,mid,2025-07-30,win,1,0.964,1,较佳入场,中性,13.0,1.0095693779904322,-3.789891841563764,True,7.133105987785937,2,7
RGTI,mid,2025-08-05,win,1,1.284,6,较佳入场,看多,33.0,1.3317972350230407,2.2712539187659697,False,6.8932656656762,1,8
RGTI,mid,2025-08-18,loss,0,-1.039,1,较佳入场,看多,43.0,1.757446808510641,1.400728492876202,False,7.091128676164189,0,8
RGTI,mid,2025-08-29,loss,0,-1.041,1,较佳入场,看多,41.0,1.303571428571425,1.2828339872086314,False,6.746987796760753,4,8
RGTI,mid,2025-09-10,win,1,1.266,2,较佳入场,看多,25.0,1.317307692307692,1.3513513513513375,False,6.347268754789476,2,9
RGTI,mid,2025-10-21,loss,0,-1.025,1,较佳入场,看多,19.0,1.1023965141612182,-0.09226903508416928,True,10.794919921412939,1,10
RGTI,mid,2025-12-08,loss,0,-1.027,3,可关注,中性,7.0,1.038062283737024,-2.1239533065753324,True,10.05217391304348,0,12
RGTI,mid,2026-03-03,timeout,0,-0.432,10,可关注,看多,39.0,1.1921921921921912,-1.7222192552354576,True,9.828807246213147,1,3
RGTI,mid,2026-04-27,win,1,1.296,5,观望,看多,23.0,1.3371647509578573,-1.5995224505239158,True,8.030769230769218,0,4
RGTI,mid,2026-05-06,win,1,1.436,3,较佳入场,强烈看多,83.0,1.4890829694323167,2.4677535488708546,False,6.11972237321075,2,5
RGTI,mid,2026-05-13,loss,0,-1.039,2,较佳入场,强烈看多,51.0,1.2681159420289831,0.2101928261913688,False,7.20626646208735,2,5
RGTI,mid,2026-08-20,loss,0,-1.048,6,观望,看多,21.0,1.532663316582918,-1.3348810214741769,True,5.887574097392379,3,8
ONDS,weak,2025-01-13,win,1,1.062,6,较佳入场,看多,21.0,1.082191780821918,-0.4444440205891964,True,17.80487846292818,0,1
ONDS,weak,2025-02-12,loss,0,-1.023,3,较佳入场,强烈看多,61.0,1.173913043478261,1.9417429433285616,False,11.330049420766164,2,2
ONDS,weak,2025-03-27,win,1,1.155,1,可关注,中性,-9.0,1.1818181818181808,-2.8735599298586822,True,13.079666744131451,3,3
ONDS,weak,2025-06-25,loss,0,-1.028,1,较佳入场,看多,33.0,1.1764705882352944,2.0992830807031737e-06,False,9.770114888979837,2,6
ONDS,weak,2025-07-09,win,1,1.02,2,较佳入场,看多,23.0,1.0540540540540553,-0.5555576748318192,True,9.840425556873823,2,7
ONDS,weak,2025-07-23,loss,0,-1.026,4,较佳入场,看多,19.0,1.0454545454545454,-0.9434007248788512,True,10.304449694740462,2,7
ONDS,weak,2025-10-16,loss,0,-1.027,1,较佳入场,看多,19.0,1.2631578947368443,1.6025665478828666,False,9.86500507487432,3,10
ONDS,weak,2025-12-11,win,1,1.055,1,较佳入场,看多,31.0,1.0855614973262033,-0.29940348185464316,True,11.012956716215044,3,12
ONDS,weak,2025-12-23,win,1,1.336,5,较佳入场,看多,33.0,1.3695652173913042,2.8856876555346522,False,10.188261652332155,1,12
ONDS,weak,2026-01-22,loss,0,-1.025,2,较佳入场,看多,19.0,1.3233082706766914,2.281990144538426,False,10.631494609643804,3,1
ONDS,weak,2026-01-28,loss,0,-1.028,1,较佳入场,看多,35.0,1.0873015873015883,-4.591437907534345,True,9.707242252975565,2,1
ONDS,weak,2026-02-20,loss,0,-1.028,1,较佳入场,看多,21.0,1.0092592592592624,1.6964316368103027,False,9.651474892754234,4,2
ONDS,weak,2026-02-27,win,1,1.642,1,可关注,中性,11.0,1.682080924855491,-2.0618574576838133,True,8.572844270752011,4,2
ONDS,weak,2026-05-18,loss,0,-1.035,1,较佳入场,看多,23.0,1.258823529411761,1.1428560529436416,False,7.996236978824407,0,5
ONDS,weak,2026-07-22,loss,0,-1.044,5,较佳入场,看多,29.0,1.1818181818181797,-1.6688081205120775,True,6.34615369097016,2,7
PLTR,strong,2024-12-19,win,1,1.414,1,较佳入场,看多,37.0,1.4759427828348501,-0.4177661380998954,True,5.196648345739133,3,12
PLTR,strong,2024-12-31,loss,0,-1.056,1,较佳入场,看多,31.0,1.5466155810983353,0.11674705561781629,False,5.046403593191024,1,12
PLTR,strong,2025-01-06,loss,0,-1.057,1,较佳入场,强烈看多,51.0,1.5222929936305765,2.056718688871273,False,4.987927154942727,0,1
PLTR,strong,2025-01-23,win,1,1.231,1,较佳入场,看多,25.0,1.2984658298465803,0.8792686963018825,False,4.714623825402864,3,1
PLTR,strong,2025-01-28,win,1,1.407,2,较佳入场,看多,27.0,1.4734693877551106,-0.39608866991516223,True,4.864972141196495,1,1
PLTR,strong,2025-02-21,loss,0,-1.046,1,较佳入场,看多,31.0,1.9848942598187298,2.7557499932956864,False,6.147845450629894,4,2
PLTR,strong,2025-03-21,win,1,0.997,1,较佳入场,强烈看多,51.0,1.0493827160493836,-1.543488745326238,True,6.132789858566042,4,3
PLTR,strong,2025-04-11,win,1,1.17,1,较佳入场,看多,41.0,1.217755443886102,-1.7958138367247134,True,6.785632839521251,4,4
PLTR,strong,2025-05-07,win,1,1.814,3,较佳入场,看多,31.0,1.8667152221412995,2.2735819338139507,False,6.358247589501406,2,5
PLTR,strong,2025-05-21,win,1,1.644,8,较佳入场,强烈看多,47.0,1.7125850340136104,2.7993749184665795,False,4.697986439720832,2,5
PLTR,strong,2025-06-05,loss,0,-1.065,1,较佳入场,强烈看多,49.0,1.7136640557006078,1.578244008778773,False,4.444186439331535,3,6
PLTR,strong,2025-06-10,win,1,1.22,1,较佳入场,强烈看多,55.0,1.2857142857142887,1.6236995448970948,False,4.835139515662148,1,6
PLTR,strong,2025-06-23,loss,0,-1.071,4,较佳入场,强烈看多,51.0,1.678571428571427,2.348120053490721,False,4.0316776429619035,0,6
PLTR,strong,2025-07-10,win,1,1.428,5,较佳入场,看多,33.0,1.509316770186337,1.5898962898804214,False,3.9320355146165316,3,7
PLTR,strong,2025-07-23,win,1,2.446,6,较佳入场,看多,43.0,2.559202813599075,2.3480997763259515,False,2.84827023075987,2,7
PLTR,strong,2025-08-04,win,1,1.601,1,较佳入场,看多,27.0,1.703703703703699,0.46236277185525143,False,3.0656658281856384,0,8
PLTR,strong,2025-08-19,loss,0,-1.085,1,较佳入场,看多,19.0,1.968294772922022,1.2862290648916863,False,3.4051120326895736,1,8
PLTR,strong,2025-09-11,win,1,1.184,5,较佳入场,中性,9.0,1.2640364188163853,0.6094282828480457,False,3.940444740220587,3,9
PLTR,strong,2025-10-07,loss,0,-1.077,3,较佳入场,看多,35.0,1.0916481892091612,-0.07235957959652595,True,3.7518718271856515,1,10
PLTR,strong,2025-10-28,win,1,1.826,3,较佳入场,强烈看多,75.0,1.9231999999999883,2.3867471319917843,False,3.2985012354481764,1,10
PLTR,strong,2025-11-05,loss,0,-1.07,1,较佳入场,看多,27.0,1.6670976082740772,0.4582111408669487,False,4.0925925925926,2,11
PLTR,strong,2025-11-11,loss,0,-1.062,1,较佳入场,中性,3.0,1.391402714932132,1.297546492100432,False,4.64444252931845,1,11
PLTR,strong,2025-12-29,loss,0,-1.08,2,较佳入场,强烈看多,51.0,1.6909361069836615,0.9738384685468393,False,3.6018195237689974,0,12
PLTR,strong,2026-03-23,win,1,1.201,1,观望,看多,29.0,1.2781774580335747,-0.848856566571532,True,4.081832273413111,0,3
PLTR,strong,2026-04-20,loss,0,-1.073,4,较佳入场,看多,29.0,1.5152838427947508,-1.0008795633675294,True,3.9482758620689813,0,4
PLTR,strong,2026-04-28,loss,0,-1.098,1,观望,看多,21.0,1.8907363420427665,-0.9688539076016411,True,2.958538235918874,1,4
PLTR,strong,2026-05-04,loss,0,-1.074,1,较佳入场,看多,21.0,1.0190311418685096,-0.9010817690062178,True,3.9120135363790194,0,5
PLTR,strong,2026-06-03,loss,0,-1.04,2,观望,看多,41.0,1.3032042085126754,-0.9051848339767465,True,6.983968078245676,2,6
PLTR,strong,2026-09-02,loss,0,-1.077,3,较佳入场,看多,39.0,1.7951987996999277,0.7221621054387839,False,3.765749360495622,2,9
HOOD,strong,2024-12-26,win,1,0.955,6,较佳入场,中性,3.0,1.0084745762711878,-1.444218548170595,True,5.99898319991428,3,12
HOOD,strong,2025-01-08,win,1,1.527,3,较佳入场,看多,33.0,1.586363636363632,-0.09851878499750333,True,5.4651594624911235,2,1
HOOD,strong,2025-02-12,win,1,2.181,1,较佳入场,强烈看多,51.0,2.2602739726027434,2.6558894391606858,False,4.118864162908883,2,2
HOOD,strong,2025-02-19,loss,0,-1.032,1,较佳入场,强烈看多,59.0,1.1942857142857135,-1.1449155598479144,True,8.59387786362217,2,2
HOOD,strong,2025-03-24,loss,0,-1.049,3,可关注,中性,11.0,1.3302411873840447,-1.7714778335882087,True,5.808189464168239,0,3
HOOD,strong,2025-04-10,win,1,1.256,2,观望,看多,21.0,1.2973395931142397,-2.1330881417281344,True,7.928039852322938,3,4
HOOD,strong,2025-04-23,win,1,1.647,2,可关注,中性,11.0,1.702205882352943,-1.7965465408588677,True,6.004415112163467,2,4
HOOD,strong,2025-07-25,win,1,1.487,4,较佳入场,看多,31.0,1.5610034207525685,1.9809908005760768,False,4.318282612703833,4,7
HOOD,strong,2025-08-05,win,1,1.195,2,较佳入场,强烈看多,51.0,1.2610402355250243,1.4013372226711507,False,4.8079644628753675,1,8
HOOD,strong,2025-08-14,win,1,1.353,3,较佳入场,看多,23.0,1.4198250728862931,-0.6312297625267305,True,4.769188108073483,3,8
HOOD,strong,2025-08-25,loss,0,-1.055,2,较佳入场,看多,35.0,1.1717352415026876,-1.9287703464392014,True,5.1525487234494465,0,8
HOOD,strong,2025-09-15,win,1,2.112,6,较佳入场,强烈看多,51.0,2.1838649155722334,2.824706158305945,False,4.620919800244732,0,9
HOOD,strong,2025-09-29,win,1,2.112,1,较佳入场,强烈看多,49.0,2.2086851628467983,2.8373575234731163,False,3.3486831805441026,0,9
HOOD,strong,2025-10-13,loss,0,-1.066,1,较佳入场,看多,39.0,1.986410871302961,1.6830138400901529,False,4.325128067478834,0,10
HOOD,strong,2025-10-28,loss,0,-1.061,2,较佳入场,看多,25.0,1.4533527696793032,1.6304352078815088,False,4.698630136986291,1,10
HOOD,strong,2025-11-03,loss,0,-1.063,1,较佳入场,强烈看多,67.0,1.6088888888888908,2.342768637077741,False,4.536595405995692,0,11
HOOD,strong,2025-11-06,loss,0,-1.057,1,较佳入场,看多,25.0,1.4975053456878182,-0.27995819741106764,True,5.010714285714276,3,11
HOOD,strong,2025-12-01,win,1,1.123,2,较佳入场,看多,27.0,1.1829176114890436,-1.3360934552990256,True,5.358444846923251,0,12
HOOD,strong,2026-01-06,loss,0,-1.081,1,较佳入场,看多,29.0,1.2390078917700116,-0.9802363299296624,True,3.57200376062284,1,1
HOOD,strong,2026-04-09,loss,0,-1.096,1,可关注,中性,11.0,2.218390804597705,-1.1831038230090907,True,3.038133972984755,3,4
HOOD,strong,2026-04-14,win,1,1.245,1,可关注,中性,11.0,1.3303411131059255,-1.1311930349767962,True,3.7069081616042463,1,4
HOOD,strong,2026-04-29,win,1,1.773,8,较佳入场,看多,31.0,1.8324999999999996,1.3585274729211116,False,5.532503224289628,2,4
HOOD,strong,2026-06-04,win,1,1.621,4,较佳入场,看多,43.0,1.6795698924731137,0.6927545869240381,False,5.585250319384406,3,6
HOOD,strong,2026-06-25,win,1,1.343,4,较佳入场,强烈看多,51.0,1.3960066555740422,1.7909535414811995,False,6.083611645209917,3,6
HOOD,strong,2026-07-14,loss,0,-1.052,3,较佳入场,看多,39.0,1.7648026315789485,1.1788548630977669,False,5.47599753836411,1,7
HOOD,strong,2026-08-17,loss,0,-1.083,1,可关注,看多,27.0,1.9200603318250375,-1.0868465390810989,True,3.4905759264930274,0,8
HOOD,strong,2026-08-20,win,1,1.199,1,可关注,看多,31.0,1.264887063655029,-1.0947055219803659,True,4.82895396498165,3,8
AVGO,weak,2025-01-08,loss,0,-1.07,2,较佳入场,看多,37.0,1.8975188781014065,0.5615982021680122,False,4.087167303280674,2,1
AVGO,weak,2025-01-21,loss,0,-1.082,4,较佳入场,看多,21.0,1.1729857819905223,0.8126921862066538,False,3.539394805638861,1,1
AVGO,weak,2025-02-06,loss,0,-1.066,1,较佳入场,中性,17.0,1.1480019733596478,0.16549014086071345,False,4.377080984072506,3,2
AVGO,weak,2025-02-11,loss,0,-1.067,7,较佳入场,强烈看多,85.0,1.104728012201319,1.3583373090463535,False,4.284424355422697,1,2
AVGO,weak,2025-04-15,loss,0,-1.053,1,可关注,中性,9.0,1.3294736842105328,-1.3917238781251617,True,5.33696792998409,1,4
AVGO,weak,2025-06-09,win,1,2.846,10,较佳入场,看多,43.0,2.9810181190681746,2.4027543993973,False,2.3877576296515306,0,6
AVGO,weak,2025-07-02,win,1,2.028,5,较佳入场,看多,43.0,2.1424638678596,1.6021691942194716,False,2.772162409989724,2,7
AVGO,weak,2025-07-23,win,1,1.382,1,较佳入场,看多,27.0,1.505399568034536,-0.12510631063004096,True,2.527598373966228,2,7
AVGO,weak,2025-08-04,win,1,1.441,3,较佳入场,看多,19.0,1.5596330275229338,0.010654896425954519,False,2.6303575227649363,0,8
AVGO,weak,2025-08-18,loss,0,-1.109,1,较佳入场,看多,31.0,1.9907005579665233,1.4246681074958856,False,2.683875948579275,0,8
AVGO,weak,2025-08-29,loss,0,-1.11,1,较佳入场,看多,25.0,1.2427244582043393,1.197228437056208,False,2.6494791066916723,4,8
AVGO,weak,2025-09-05,loss,0,-1.125,1,较佳入场,强烈看多,65.0,1.0084337349397583,-0.061335052729105666,True,2.349995692572356,4,9
AVGO,weak,2025-09-10,win,1,0.976,1,可关注,强烈看多,69.0,1.0338541666666685,-0.7597954484613423,True,5.502014246398298,2,9
AVGO,weak,2025-09-23,loss,0,-1.086,2,较佳入场,看多,19.0,1.7684859154929535,0.7240932257487342,False,3.357530700025059,1,9
AVGO,weak,2025-10-16,loss,0,-1.08,1,较佳入场,强烈看多,67.0,1.4658823529411653,1.4495730863934853,False,3.5934564909015783,3,10
AVGO,weak,2025-10-27,win,1,1.26,2,较佳入场,强烈看多,47.0,1.3572965992251376,1.6031431450158617,False,3.230649654455657,0,10
AVGO,weak,2025-11-04,loss,0,-1.089,3,较佳入场,强烈看多,51.0,1.7841788478073954,0.7431584138444025,False,3.2620709208000935,1,11
AVGO,weak,2025-12-04,win,1,2.043,2,较佳入场,强烈看多,47.0,2.1427396133278447,2.7497345312033294,False,3.2108643742288936,3,12
AVGO,weak,2026-02-11,loss,0,-1.06,1,可关注,中性,15.0,1.0091547146780613,-0.9113022581185515,True,4.742029476870878,2,2
AVGO,weak,2026-02-19,loss,0,-1.08,3,可关注,看多,29.0,1.508305647840538,-0.8989115099817369,True,3.6288256692508924,3,2
AVGO,weak,2026-02-26,loss,0,-1.103,1,可关注,看多,31.0,1.374592833876221,-0.8414607520730311,True,2.8312182809520836,3,2
AVGO,weak,2026-04-29,win,1,0.985,4,较佳入场,强烈看多,47.0,1.048940464177597,-0.6574305314692941,True,4.919794011310152,2,4
AVGO,weak,2026-05-08,loss,0,-1.096,3,较佳入场,看多,37.0,1.4182749113824344,-0.42351664297067826,True,3.028845259571113,4,5
AVGO,weak,2026-05-18,loss,0,-1.085,1,较佳入场,看多,29.0,1.4641733659559584,-0.30573306998115113,True,3.3999288193529194,0,5
AVGO,weak,2026-07-15,loss,0,-1.078,1,观望,看多,37.0,1.5088075880758747,-0.873800032719596,True,3.7264258467686227,2,7
AVGO,weak,2026-07-31,loss,0,-1.09,1,较佳入场,看多,25.0,1.1535433070866083,-0.8335473439297858,True,3.2165743312091535,4,7
INTC,mid,2025-01-27,loss,0,-1.065,1,观望,看多,33.0,1.2608695652173891,-0.7622681100235562,True,4.420951579098657,0,1
INTC,mid,2025-02-20,loss,0,-1.035,3,可关注,强烈看多,69.0,1.1094527363184072,-1.0388637423836333,True,7.86384992956765,3,2
INTC,mid,2025-02-28,win,1,1.189,1,较佳入场,看多,31.0,1.2500000000000007,0.741710962425346,False,5.212858280353727,4,2
INTC,mid,2025-03-14,win,1,1.331,1,较佳入场,看多,33.0,1.386861313868611,-0.21052310341282965,True,5.785472898412749,4,3
INTC,mid,2025-03-20,loss,0,-1.049,7,较佳入场,看多,43.0,2.4358974358974317,1.8151154041089024,False,5.7425324935329165,3,3
INTC,mid,2025-04-29,win,1,1.615,9,可关注,看多,41.0,1.689655172413801,-1.3942296688373323,True,4.283604248532311,1,4
INTC,mid,2025-07-03,win,1,1.58,2,较佳入场,看多,23.0,1.666666666666671,0.4130296501450248,False,3.6568849388257685,3,7
INTC,mid,2025-07-16,loss,0,-1.087,7,较佳入场,强烈看多,47.0,1.3790849673202712,0.5704259600436412,False,3.327533743436787,2,7
INTC,mid,2025-08-19,loss,0,-1.044,1,可关注,看多,43.0,1.3115264797507786,-0.8797660351398839,True,6.435444930356923,1,8
INTC,mid,2025-09-03,timeout,0,0.866,10,较佳入场,强烈看多,49.0,1.919786096256678,2.4978792738046263,False,3.881278514228482,2,9
INTC,mid,2025-10-15,win,1,2.039,7,较佳入场,看多,19.0,2.1117824773413867,2.0040110739056205,False,4.546703106106642,2,10
INTC,mid,2025-11-03,loss,0,-1.074,1,较佳入场,强烈看多,49.0,2.269841269841263,2.564764499786598,False,3.9130434782608767,0,11
INTC,mid,2025-12-05,loss,0,-1.037,5,较佳入场,强烈看多,51.0,1.3403565640194501,-1.0021999511121926,True,7.495140941294165,4,12
INTC,mid,2026-01-05,loss,0,-1.081,1,较佳入场,看多,37.0,1.4864864864864795,1.4164333456482936,False,3.5585477147633835,0,1
INTC,mid,2026-01-09,win,1,1.331,2,较佳入场,强烈看多,51.0,1.3775510204081658,-0.9397575654179202,True,7.028448174289428,4,1
INTC,mid,2026-01-26,win,1,1.529,2,较佳入场,看多,23.0,1.5816876122082544,0.17781661441256258,False,6.289521401934028,0,1
INTC,mid,2026-02-02,win,1,1.187,1,较佳入场,看多,41.0,1.2392857142857152,-1.8584979499406074,True,6.136313684981582,0,2
INTC,mid,2026-02-05,win,1,1.182,1,较佳入场,看多,37.0,1.2359154929577443,-0.3485780723373133,True,5.967640241424894,3,2
INTC,mid,2026-02-10,loss,0,-1.049,1,较佳入场,强烈看多,51.0,1.0789022298456301,0.8835375069614404,False,5.782582838372373,1,2
INTC,mid,2026-03-12,loss,0,-1.057,3,较佳入场,强烈看多,85.0,1.2142857142857169,2.0851054090134546,False,5.021096884776661,3,3
INTC,mid,2026-05-18,win,1,1.008,5,较佳入场,看多,39.0,1.0405347132384648,-1.4050066687215201,True,10.218559861868087,0,5
INTC,mid,2026-05-29,loss,0,-1.049,1,较佳入场,看多,41.0,1.4902234636871567,2.336408524209288,False,5.781186990887279,4,5
INTC,mid,2026-06-12,win,1,0.955,1,较佳入场,中性,17.0,1.0,-0.7804554763550575,True,7.106966556065783,4,6
INTC,mid,2026-06-18,loss,0,-1.043,6,较佳入场,强烈看多,63.0,1.642148277875079,0.623181116843452,False,6.497989650741452,3,6
INTC,mid,2026-07-02,loss,0,-1.038,2,较佳入场,中性,11.0,1.01169590643275,-0.7423641141936388,True,7.295221946617674,3,7
INTC,mid,2026-08-05,loss,0,-1.042,10,较佳入场,看多,21.0,1.279521674140509,-1.6767395102831317,True,6.737159913794757,2,8
MRVL,strong,2024-12-19,win,1,1.178,3,较佳入场,看多,31.0,1.239713774597499,-1.6443804808481954,True,5.213251476805888,3,12
MRVL,strong,2024-12-30,win,1,1.146,3,较佳入场,强烈看多,51.0,1.2181069958847741,0.46165521878887006,False,4.409642888450717,0,12
MRVL,strong,2025-01-07,loss,0,-1.091,1,较佳入场,强烈看多,63.0,2.5182291666666647,2.834244569142652,False,3.204306273284689,1,1
MRVL,strong,2025-01-13,win,1,0.949,1,较佳入场,看多,25.0,1.0269058295964169,-2.0271114161929282,True,3.9984315023393933,0,1
MRVL,strong,2025-01-17,win,1,1.378,2,较佳入场,看多,35.0,1.4665885111371617,0.9317472708100016,False,3.5710854177481037,4,1
MRVL,strong,2025-02-06,loss,0,-1.06,1,较佳入场,中性,9.0,1.1728844404003618,-1.7903637219848112,True,4.737658081792445,3,2
MRVL,strong,2025-05-21,win,1,1.451,3,观望,看多,21.0,1.5327695560253687,-1.083365643550105,True,3.8916798357711877,2,5
MRVL,strong,2025-05-30,win,1,1.45,3,较佳入场,看多,43.0,1.5159128978224514,-0.1845870046468745,True,4.924026899017604,4,5
MRVL,strong,2025-06-06,win,1,1.375,7,较佳入场,强烈看多,61.0,1.444444444444444,0.99221550804931,False,4.582692956264005,4,6
MRVL,strong,2025-06-24,win,1,2.251,2,较佳入场,强烈看多,59.0,2.3260188087774316,2.8592724474156395,False,4.419689210623501,1,6
MRVL,strong,2025-07-03,loss,0,-1.065,1,较佳入场,强烈看多,47.0,1.635114503816788,0.6683980377919285,False,4.389501428093306,3,7
MRVL,strong,2025-07-29,win,1,1.054,1,较佳入场,强烈看多,57.0,1.150101419878292,1.4309307439606789,False,3.2333134815759266,1,7
MRVL,strong,2025-08-01,timeout,0,-0.182,10,可关注,强烈看多,45.0,1.0518672199170094,-0.7927669504383728,True,6.2673791208964325,4,8
MRVL,strong,2025-08-29,loss,0,-1.072,1,较佳入场,看多,25.0,1.2407766990291222,0.43764307028806293,False,3.9988938888088432,4,8
MRVL,strong,2025-09-17,win,1,1.493,1,可关注,中性,11.0,1.6285714285714241,-0.8175517339904625,True,2.292122716053954,2,9
MRVL,strong,2025-10-15,loss,0,-1.072,4,较佳入场,强烈看多,47.0,1.9291784702549535,1.5494999724701142,False,4.009504495139991,2,10
MRVL,strong,2025-10-28,win,1,1.087,3,较佳入场,看多,25.0,1.1683599419448516,0.2149757776261474,False,3.8782095547391773,1,10
MRVL,strong,2025-11-04,win,1,1.653,1,较佳入场,看多,43.0,1.7313019390581612,0.7228339938583073,False,4.119527757109438,1,11
MRVL,strong,2025-11-10,loss,0,-1.064,1,较佳入场,看多,31.0,1.6570743405275854,0.47230376454252543,False,4.482257636586137,0,11
MRVL,strong,2025-12-01,win,1,1.015,2,较佳入场,看多,41.0,1.0782997762863589,0.08857180444310497,False,5.021942635839418,0,12
MRVL,strong,2025-12-09,loss,0,-1.053,3,较佳入场,看多,27.0,1.7983789260385048,1.31817425679146,False,5.396050267312234,1,12
MRVL,strong,2026-01-05,loss,0,-1.079,1,较佳入场,看多,21.0,1.0322108345534449,-0.29153491472749815,True,3.6766411464946414,0,1
MRVL,strong,2026-02-12,loss,0,-1.078,1,可关注,中性,15.0,1.183908045977002,-0.939364901117834,True,3.7075991734363845,3,2
MRVL,strong,2026-03-19,win,1,1.817,4,较佳入场,看多,33.0,1.8872366790582442,1.54786062362271,False,4.6806721723144165,3,3
MRVL,strong,2026-05-08,win,1,1.928,3,较佳入场,看多,19.0,1.9999999999999962,2.1262354943311523,False,4.549060485614343,4,5
MRVL,strong,2026-05-20,win,1,1.878,3,较佳入场,强烈看多,53.0,1.9393483709273194,2.219566115093885,False,5.438790233144026,2,5
MRVL,strong,2026-05-28,win,1,1.151,2,较佳入场,强烈看多,51.0,1.1863453815261056,-1.2374536552781867,True,9.398544590465518,3,5
MRVL,strong,2026-06-24,loss,0,-1.031,3,较佳入场,看多,19.0,1.0107441305212908,-0.8948128152865165,True,8.915126007560351,2,6
MRVL,strong,2026-07-01,loss,0,-1.032,1,较佳入场,看多,31.0,1.059595749114399,-0.4157933791505086,True,8.496803321787555,2,7
MRVL,strong,2026-08-11,win,1,1.179,4,观望,看多,25.0,1.215819800942904,-1.8171558428614287,True,9.004716981132063,1,8
APP,weak,2025-01-07,loss,0,-1.051,1,较佳入场,强烈看多,57.0,1.1033672670321075,1.4578488625278663,False,5.541252142401469,1,1
APP,weak,2025-02-04,win,1,1.923,7,较佳入场,强烈看多,51.0,1.9890637503334232,2.4473668922671887,False,5.015116395370722,1,2
APP,weak,2025-02-24,loss,0,-1.037,1,较佳入场,看多,31.0,1.4735812133072426,-0.6031166841553359,True,7.4442774463337775,0,2
APP,weak,2025-03-24,loss,0,-1.039,3,可关注,中性,11.0,1.1650053022269349,-1.9054762817302673,True,7.185528441324605,0,3
APP,weak,2025-06-10,loss,0,-1.056,2,较佳入场,看多,19.0,1.209030948756973,-1.9076340961705074,True,5.0538461538461625,1,6
APP,weak,2025-08-06,win,1,1.777,1,较佳入场,看多,41.0,1.849956127522674,1.3516030667975132,False,4.438069496001627,2,8
APP,weak,2025-08-20,win,1,1.287,2,较佳入场,看多,31.0,1.3510691198408789,-0.9886719851421533,True,4.96518703903306,2,8
APP,weak,2025-10-03,loss,0,-1.045,1,可关注,看多,41.0,1.0775674125071741,-0.8426985788037578,True,6.3058954543109795,4,10
APP,weak,2025-10-28,loss,0,-1.063,5,较佳入场,中性,9.0,1.4611708482676171,1.6196532489432647,False,4.548983748852741,1,10
APP,weak,2025-11-06,loss,0,-1.068,1,较佳入场,看多,35.0,1.0523636363636342,-0.26024184641503245,True,4.221222962943254,3,11
APP,weak,2025-12-18,win,1,1.655,1,较佳入场,看多,31.0,1.7273327828241225,0.7976323965475762,False,4.485185185185165,3,12
APP,weak,2025-12-29,loss,0,-1.073,2,较佳入场,强烈看多,53.0,1.595957789304233,1.6046632717476195,False,3.9651074829908475,0,12
APP,weak,2026-03-03,win,1,0.965,1,可关注,看多,37.0,1.0072750276767346,-1.6088690209680179,True,7.636288798403101,1,3
APP,weak,2026-03-18,loss,0,-1.048,1,观望,看多,25.0,1.2744290527892144,-1.309171430867484,True,5.88831834892235,2,3
APP,weak,2026-03-24,loss,0,-1.074,1,可关注,看多,27.0,1.5016930022573316,-1.2713478881746676,True,3.8893765940762335,1,3
APP,weak,2026-04-29,win,1,1.373,3,较佳入场,看多,21.0,1.4333194848358957,0.4204402950457098,False,5.3641468921643085,2,4
APP,weak,2026-05-07,win,1,1.207,1,较佳入场,强烈看多,51.0,1.2725005667649054,0.7608129494005134,False,4.848584776037375,3,5
APP,weak,2026-05-13,loss,0,-1.054,1,较佳入场,强烈看多,65.0,1.4063714063714108,1.5732063262344997,False,5.28119149477583,2,5
APP,weak,2026-05-19,loss,0,-1.053,1,较佳入场,强烈看多,49.0,1.4231411088448,1.4317213363023384,False,5.3764404714653535,1,5
APP,weak,2026-05-22,win,1,1.021,1,较佳入场,看多,29.0,1.079283400038112,-0.17052624744463563,True,5.4092783505154785,4,5
APP,weak,2026-06-08,loss,0,-1.05,1,较佳入场,看多,39.0,1.6785204000635021,2.7324038878703494,False,5.638303314740189,0,6
APP,weak,2026-07-06,loss,0,-1.045,5,较佳入场,强烈看多,55.0,2.1502347417840397,0.9770858990332032,False,6.205691272227122,0,7
MSTR,mid,2025-01-07,loss,0,-1.031,1,较佳入场,中性,17.0,1.2127131782945724,0.8727804842581621,False,8.800174609811442,1,1
MSTR,mid,2025-01-16,win,1,1.144,1,较佳入场,看多,21.0,1.1841216216216253,0.6053829312840042,False,8.270697361891093,3,1
MSTR,mid,2025-01-27,loss,0,-1.034,5,较佳入场,中性,13.0,1.0357207946054316,-2.2254745582952706,True,8.057268722466961,0,1
MSTR,mid,2025-03-07,loss,0,-1.045,1,较佳入场,中性,17.0,1.8213608023854724,-1.8746820626089011,True,6.186483440413543,4,3
MSTR,mid,2025-05-16,loss,0,-1.058,5,较佳入场,看多,39.0,1.913478818998722,1.7869042658301026,False,4.8809523809523725,4,5
MSTR,mid,2025-06-26,win,1,0.917,2,较佳入场,看多,25.0,1.0043415340086832,0.9453843668634665,False,3.577067369399024,3,6
MSTR,mid,2025-07-08,win,1,1.638,3,较佳入场,看多,43.0,1.721311475409836,0.7332196409619351,False,3.8154569558530853,1,7
MSTR,mid,2025-07-21,loss,0,-1.081,1,较佳入场,看多,31.0,2.3171521035598728,1.7771688480155756,False,3.592187812311147,0,7
MSTR,mid,2026-01-13,win,1,1.023,1,可关注,看多,21.0,1.071823204419887,-1.3199539370200353,True,6.603831074206716,1,1
MSTR,mid,2026-02-26,win,1,1.078,4,可关注,中性,11.0,1.1275862068965534,-1.5816629931913462,True,6.50710560851241,3,2
MSTR,mid,2026-03-19,loss,0,-1.043,6,观望,看多,33.0,1.3830028328611854,-1.319855687592142,True,6.536068523736514,3,3
MSTR,mid,2026-04-14,win,1,1.604,2,较佳入场,看多,29.0,1.7106227106227287,-1.1648740962129867,True,2.968897424380854,1,4
MSTR,mid,2026-05-14,loss,0,-1.054,2,较佳入场,看多,19.0,1.363925729442968,-1.0119550851838355,True,5.299409432977075,3,5
MSTR,mid,2026-07-21,loss,0,-1.044,2,可关注,看多,33.0,1.0673813169984683,-1.559827216640619,True,6.445563278415148,1,7
MSTR,mid,2026-07-28,win,1,1.191,8,可关注,强烈看多,47.0,1.2383498854087072,-1.438703640844341,True,6.855556631731442,1,7
MSTR,mid,2026-08-31,win,1,0.971,3,可关注,强烈看多,59.0,1.0058479532163749,-1.24117790815782,True,9.310102915227265,0,8
COIN,weak,2025-02-04,loss,0,-1.062,2,观望,看多,33.0,1.7391304347826153,-1.291082614753969,True,4.632508833922246,1,2
COIN,weak,2025-05-12,win,1,1.189,1,观望,看多,21.0,1.2472978815391278,-1.1162339017617873,True,5.535081777001132,0,5
COIN,weak,2025-05-16,win,1,1.064,4,可关注,强烈看多,51.0,1.1006289308176092,-1.200435535586175,True,8.912556249832381,4,5
COIN,weak,2025-05-30,timeout,0,-0.337,10,较佳入场,看多,21.0,1.9886731391585726,2.2014113429811966,False,5.006683778696073,4,5
COIN,weak,2025-06-30,win,1,1.141,8,可关注,看多,39.0,1.1813809687392638,-1.0858938524582973,True,8.103443228496827,0,6
COIN,weak,2025-07-24,loss,0,-1.062,2,较佳入场,看多,27.0,2.0453074433656915,2.3384434962424594,False,4.586270871985162,3,7
COIN,weak,2025-09-25,win,1,1.18,2,观望,看多,27.0,1.2663162505475216,-0.893218032564802,True,3.6315338935617807,3,9
COIN,weak,2025-10-13,loss,0,-1.065,1,较佳入场,看多,23.0,1.693167701863357,0.6228888854636461,False,4.432819234274322,0,10
COIN,weak,2025-10-28,loss,0,-1.062,1,较佳入场,看多,33.0,1.0557202133965617,-0.41604874751164367,True,4.64444002140423,1,10
COIN,weak,2025-12-04,loss,0,-1.084,5,可关注,中性,11.0,1.6842382709541321,-1.2657277328290584,True,3.4667396887452537,3,12
COIN,weak,2026-01-06,loss,0,-1.07,1,较佳入场,看多,37.0,1.0780952380952402,-0.9788695739025299,True,4.114258737421784,1,1
COIN,weak,2026-03-23,loss,0,-1.049,1,观望,看多,33.0,1.2667836770513405,-1.205542494122358,True,5.737663469184691,0,3
COIN,weak,2026-04-15,win,1,1.008,1,较佳入场,看多,21.0,1.0694006309148292,-1.2106907043931026,True,5.122266407635998,2,4
COIN,weak,2026-04-28,loss,0,-1.051,1,较佳入场,看多,31.0,1.6030103480714983,2.731779929893574,False,5.5888539277383185,1,4
COIN,weak,2026-05-04,loss,0,-1.055,4,较佳入场,看多,25.0,1.1905227161700036,-1.9130167196635517,True,5.132641197551316,0,5
COIN,weak,2026-05-13,win,1,1.483,1,较佳入场,强烈看多,69.0,1.5401023890784995,0.9823944118511951,False,5.739471192534163,2,5
COIN,weak,2026-07-08,win,1,1.219,9,可关注,强烈看多,55.0,1.2700049091801668,-1.3514361949707787,True,6.393998637255684,2,7
COIN,weak,2026-07-24,loss,0,-1.069,5,观望,看多,25.0,1.3610486891385813,-1.237894556863972,True,4.143903603254806,4,7
